Date:10.07.2025	Unit:F	CHARGE:00:43	TP:00:59	DRYe:05:43	FCs:09:45	FCe:	SCs:	SCe:	DROP:12:46	COOL:	Time:17:12
Time1	Time2	ET	BT	Event	Target Temp	Co-Pilot %		Burner %
00:00		17269.4318	374.3657192		-1.0	-1.0	0.0	25.0
00:01		17269.4318	372.3291704		-1.0	-1.0	0.0	25.0
00:02		17269.4318	370.5476456		-1.0	-1.0	0.0	25.0
00:03		17269.4318	368.724224		-1.0	-1.0	0.0	25.0
00:04		17269.4318	366.9991688		-1.0	-1.0	0.0	25.0
00:05		17269.4318	365.3069024		-1.0	-1.0	0.0	25.0
00:06		17269.4318	364.0918952		-1.0	-1.0	0.0	25.0
00:07		17269.4318	362.6510096		-1.0	-1.0	0.0	25.0
00:08		17269.4318	361.5252608		-1.0	-1.0	0.0	25.0
00:09		17269.4318	360.5780288		-1.0	-1.0	0.0	25.0
00:10		17269.4318	358.4941184		-1.0	-1.0	0.0	25.0
00:11		17269.4318	349.5209168		-1.0	-1.0	0.0	25.0
00:12		17269.4318	339.3436376		-1.0	-1.0	0.0	25.0
00:13		17269.4318	328.5889112		-1.0	-1.0	0.0	25.0
00:14		17269.4318	317.4480056		-1.0	-1.0	0.0	25.0
00:15		17269.4318	306.8845472		-1.0	-1.0	0.0	25.0
00:16		17269.4318	296.6107232		-1.0	-1.0	0.0	25.0
00:17		17269.4318	286.4917352		-1.0	-1.0	0.0	25.0
00:18		17269.4318	277.1414624		-1.0	-1.0	0.0	25.0
00:19		17269.4318	268.5507968		-1.0	-1.0	0.0	25.0
00:20		17269.4318	260.0457464		-1.0	-1.0	0.0	25.0
00:21		17269.4318	252.3039464		-1.0	-1.0	0.0	25.0
00:22		17269.4318	246.2653424		-1.0	-1.0	0.0	25.0
00:23		17269.4318	239.0845952		-1.0	-1.0	0.0	25.0
00:24		17269.4318	232.550516		-1.0	-1.0	0.0	25.0
00:25		17269.4318	226.2641744		-1.0	-1.0	0.0	25.0
00:26		17269.4318	220.4131952		-1.0	-1.0	0.0	25.0
00:27		17269.4318	215.0030432		-1.0	-1.0	0.0	25.0
00:28		17269.4318	209.7914456		-1.0	-1.0	0.0	25.0
00:29		17269.4318	204.9751352		-1.0	-1.0	0.0	25.0
00:30		17269.4318	200.399276		-1.0	-1.0	0.0	25.0
00:31		17269.4318	196.136732		-1.0	-1.0	0.0	25.0
00:32		17269.4318	192.3350528		-1.0	-1.0	0.0	25.0
00:33		17269.4318	188.7665384		-1.0	-1.0	0.0	25.0
00:34		17269.4318	185.4457616		-1.0	-1.0	0.0	25.0
00:35		17269.4318	182.80262		-1.0	-1.0	0.0	25.0
00:36		17269.4318	179.9445296		-1.0	-1.0	0.0	25.0
00:37		17269.4318	177.2904584		-1.0	-1.0	0.0	25.0
00:38		17269.4318	174.5799176		-1.0	-1.0	0.0	25.0
00:39		17269.4318	172.2027296		-1.0	-1.0	0.0	25.0
00:40		17269.4318	170.0951384		-1.0	-1.0	0.0	25.0
00:41		17269.4318	168.0239792		-1.0	-1.0	0.0	25.0
00:42		17269.4318	166.1641256		-1.0	-1.0	0.0	25.0
00:43	00:00	17269.4318	164.4918968	CHARGE	-1.0	-1.0	0.0	25.0
00:44	00:01	17269.4318	162.9234992		166.40025785	-1.0	0.0	25.0
00:45	00:02	17269.4318	161.3059184		166.64883338	87.0	0.0	25.0
00:46	00:03	17269.4318	160.0016528		167.09516595	100.0	0.0	80.0
00:47	00:04	17269.4318	158.8176128		167.6880414	100.0	0.0	80.0
00:48	00:05	17269.4318	157.9031696		168.34809951	100.0	0.0	80.0
00:49	00:06	17269.4318	156.9012896		169.00678913	100.0	0.0	80.0
00:50	00:07	17269.4318	156.0724616		169.66409364	100.0	0.0	80.0
00:51	00:08	17269.4318	155.4913712		170.32003953	100.0	0.0	80.0
00:52	00:09	17269.4318	154.8447032		170.97464718	100.0	0.0	80.0
00:53	00:10	17269.4318	154.3364768		171.62782897	100.0	0.0	80.0
00:54	00:11	17269.4318	153.8683256		172.27968273	100.0	0.0	80.0
00:55	00:12	17269.4318	153.4511792		172.93019284	100.0	0.0	80.0
00:56	00:13	17269.4318	153.2307656		173.57931067	100.0	0.0	80.0
00:57	00:14	17269.4318	153.1542584		174.22709497	100.0	0.0	80.0
00:58	00:15	17269.4318	153.119648		174.87354813	100.0	0.0	80.0
00:59	00:16	17269.4318	153.0886808	TP	175.51861216	100.0	0.0	80.0
01:00	00:17	17269.4318	153.3236672		176.16235654	100.0	0.0	80.0
01:01	00:18	17269.4318	153.502184		176.80476092	100.0	0.0	80.0
01:02	00:19	17269.4318	153.9138656		177.44581525	100.0	0.0	80.0
01:03	00:20	17269.4318	154.29458		178.08554055	100.0	0.0	80.0
01:04	00:21	17269.4318	154.6516136		178.72393877	100.0	0.0	80.0
01:05	00:22	17269.4318	155.1580184		179.36099881	100.0	0.0	80.0
01:06	00:23	17269.4318	155.7372872		179.99673737	100.0	0.0	80.0
01:07	00:24	17269.4318	156.0943208		180.63114406	100.0	0.0	80.0
01:08	00:25	17269.4318	156.6007256		181.26424538	100.0	0.0	80.0
01:09	00:26	17269.4318	157.2309992		181.89601754	-1.0	0.0	80.0
01:10	00:27	17269.4318	157.883132		182.52646203	100.0	0.0	80.0
01:11	00:28	17269.4318	158.5152272		183.15560807	100.0	0.0	80.0
01:12	00:29	17269.4318	159.1618952		183.78344108	100.0	0.0	80.0
01:13	00:30	17269.4318	159.9998312		184.40996477	100.0	0.0	80.0
01:14	00:31	17269.4318	160.797692		185.03523019	96.0	0.0	77.0
01:15	00:32	17269.4318	161.7321728		185.65910932	93.0	0.0	74.0
01:16	00:33	17269.4318	162.6028976		186.28173323	86.0	0.0	69.0
01:17	00:34	17269.4318	163.648496		186.90305958	86.0	0.0	69.0
01:18	00:35	17269.4318	164.7487424		187.52309795	77.0	0.0	62.0
01:19	00:36	17269.4318	165.6121808		188.14183647	70.0	0.0	56.0
01:20	00:37	17269.4318	166.581272		188.75929757	75.0	0.0	60.0
01:21	00:38	17269.4318	167.6359784		189.37546837	75.0	0.0	60.0
01:22	00:39	17269.4318	168.6524312		189.99038503	72.0	0.0	58.0
01:23	00:40	17269.4318	169.7435696		190.60397501	69.0	0.0	55.0
01:24	00:41	17269.4318	170.843816		191.21631414	65.0	0.0	52.0
01:25	00:42	17269.4318	171.9513488		191.82738258	62.0	0.0	50.0
01:26	00:43	17269.4318	173.2884032		192.43717914	59.0	0.0	47.0
01:27	00:44	17269.4318	174.2301704		193.04571047	47.0	0.0	38.0
01:28	00:45	17269.4318	175.4051024		193.65297549	55.0	0.0	44.0
01:29	00:46	17269.4318	176.4379496		194.25897885	52.0	0.0	42.0
01:30	00:47	17269.4318	177.6511352		194.86372783	55.0	0.0	44.0
01:31	00:48	17269.4318	178.7969216		195.46721806	46.0	0.0	37.0
01:32	00:49	17269.4318	179.960924		196.06946278	44.0	0.0	35.0
01:33	00:50	17269.4318	181.135856		196.67045774	41.0	0.0	33.0
01:34	00:51	17269.4318	182.16506		197.27019353	39.0	0.0	31.0
01:35	00:52	17269.4318	183.4055696		197.86869302	42.0	0.0	34.0
01:36	00:53	17269.4318	184.4202008		198.46594931	36.0	0.0	29.0
01:37	00:54	17269.4318	185.53502		199.06196987	39.0	0.0	31.0
01:38	00:55	17269.4318	186.5660456		199.65675805	37.0	0.0	30.0
01:39	00:56	17269.4318	187.6863296		200.25031171	39.0	0.0	31.0
01:40	00:57	17269.4318	188.4987632		200.84263322	34.0	0.0	27.0
01:41	00:58	17269.4318	189.5990096		201.43373079	44.0	0.0	35.0
01:42	00:59	17269.4318	190.5699224		202.02360733	38.0	0.0	30.0
01:43	00:60	17269.4318	191.6501312		202.61226399	38.0	0.0	30.0
01:44	01:01	17269.4318	192.712124		203.19969514	32.0	0.0	26.0
01:45	01:02	17269.4318	193.6192808		203.78591314	29.0	0.0	23.0
01:46	01:03	17269.4318	194.6411984		204.37092147	33.0	0.0	26.0
01:47	01:04	17269.4318	195.6030032		204.95472482	31.0	0.0	25.0
01:48	01:05	17269.4318	196.428188		205.53732057	31.0	0.0	25.0
01:49	01:06	17269.4318	197.4683216		206.11870485	36.0	0.0	29.0
01:50	01:07	17269.4318	198.2716472		206.69890285	30.0	0.0	24.0
01:51	01:08	17269.4318	199.19702		207.27788086	35.0	0.0	28.0
01:52	01:09	17269.4318	200.1679328		207.85567959	32.0	0.0	26.0
01:53	01:10	17269.4318	200.8218872		208.43229057	29.0	0.0	23.0
01:54	01:11	17269.4318	201.7217576		209.00769954	37.0	0.0	30.0
01:55	01:12	17269.4318	202.4759		209.58192349	35.0	0.0	28.0
01:56	01:13	17269.4318	203.3648408		210.1549712	37.0	0.0	30.0
01:57	01:14	17269.4318	204.0187952		210.72683544	32.0	0.0	26.0
01:58	01:15	17269.4318	204.898628		211.29752207	39.0	0.0	31.0
01:59	01:16	17269.4318	205.6637		211.86704427	33.0	0.0	26.0
02:00	01:17	17269.4318	206.3886968		212.43537531	33.0	0.0	26.0
02:01	01:18	17269.4318	207.0335432		213.00254709	35.0	0.0	28.0
02:02	01:19	17269.4318	207.7239296		213.56855238	41.0	0.0	33.0
02:03	01:20	17269.4318	208.3833488		214.13339239	41.0	0.0	33.0
02:04	01:21	17269.4318	208.9371152		214.69710776	41.0	0.0	33.0
02:05	01:22	17269.4318	209.6238584		215.25959913	47.0	0.0	38.0
02:06	01:23	17269.4318	210.1648736		215.82097388	45.0	0.0	36.0
02:07	01:24	17269.4318	210.8716544		216.38118564	49.0	0.0	39.0
02:08	01:25	17269.4318	211.5001064		216.94026643	44.0	0.0	35.0
02:09	01:26	17269.4318	212.0830184		217.49817996	44.0	0.0	35.0
02:10	01:27	17269.4318	212.704184		218.05495743	46.0	0.0	37.0
02:11	01:28	17269.4318	213.2707016		218.61060861	46.0	0.0	37.0
02:12	01:29	17269.4318	213.8044304		219.16509968	49.0	0.0	39.0
02:13	01:30	17269.4318	214.443812		219.71847223	51.0	0.0	41.0
02:14	01:31	17269.4318	214.899212		220.270706	49.0	0.0	39.0
02:15	01:32	17269.4318	215.5586312		220.82181181	54.0	0.0	43.0
02:16	01:33	17269.4318	216.0686792		221.37179612	50.0	0.0	40.0
02:17	01:34	17269.4318	216.702596		221.92065996	53.0	0.0	42.0
02:18	01:35	17269.4318	217.221752		222.46839175	49.0	0.0	39.0
02:19	01:36	17269.4318	217.7445512		223.01501475	53.0	0.0	42.0
02:20	01:37	17269.4318	218.2618856		223.5605193	54.0	0.0	43.0
02:21	01:38	17269.4318	218.7464312		224.10491522	56.0	0.0	45.0
02:22	01:39	17269.4318	219.2455496		224.64821068	58.0	0.0	46.0
02:23	01:40	17269.4318	219.8940392		225.19038966	58.0	0.0	46.0
02:24	01:41	17269.4318	220.4842376		225.73146271	53.0	0.0	42.0
02:25	01:42	17269.4318	221.0671496		226.27144056	51.0	0.0	41.0
02:26	01:43	17269.4318	221.6810288		226.81032131	51.0	0.0	41.0
02:27	01:44	17269.4318	222.1892552		227.34811112	51.0	0.0	41.0
02:28	01:45	17269.4318	222.7758104		227.88482153	55.0	0.0	44.0
02:29	01:46	17269.4318	223.524488		228.420412	55.0	0.0	44.0
02:30	01:47	17269.4318	224.0964704		228.95493376	47.0	0.0	38.0
02:31	01:48	17269.4318	224.7340304		229.48839193	48.0	0.0	38.0
02:32	01:49	17269.4318	225.20036		230.02073433	48.0	0.0	38.0
02:33	01:50	17269.4318	225.8707088		230.55201379	55.0	0.0	44.0
02:34	01:51	17269.4318	226.6412456		231.08222548	51.0	0.0	41.0
02:35	01:52	17269.4318	227.1658664		231.61136386	43.0	0.0	34.0
02:36	01:53	17269.4318	227.641304		232.13942725	47.0	0.0	38.0
02:37	01:54	17269.4318	228.2132864		232.6664312	55.0	0.0	44.0
02:38	01:55	17269.4318	228.9382832		233.19237281	56.0	0.0	45.0
02:39	01:56	17269.4318	229.5102656		233.71725202	47.0	0.0	38.0
02:40	01:57	17269.4318	230.0786048		234.24107529	47.0	0.0	38.0
02:41	01:58	17269.4318	230.747132		234.76384872	50.0	0.0	40.0
02:42	01:59	17269.4318	231.3045416		235.28556521	48.0	0.0	38.0
02:43	01:60	17269.4318	231.94028		235.80624265	49.0	0.0	39.0
02:44	02:01	17269.4318	232.4995112		236.32586076	48.0	0.0	38.0
02:45	02:02	17269.4318	233.1498224		236.84444441	50.0	0.0	40.0
02:46	02:03	17269.4318	233.6380112		237.36198785	47.0	0.0	38.0
02:47	02:04	17269.4318	234.281036		237.87849304	52.0	0.0	42.0
02:48	02:05	17269.4318	234.973244		238.3939754	49.0	0.0	39.0
02:49	02:06	17269.4318	235.5579776		238.9084075	44.0	0.0	35.0
02:50	02:07	17269.4318	236.0807768		239.42182852	44.0	0.0	35.0
02:51	02:08	17269.4318	236.758412		239.9342089	50.0	0.0	40.0
02:52	02:09	17269.4318	237.1992392		240.44557668	46.0	0.0	37.0
02:53	02:10	17269.4318	237.7694		240.95592367	52.0	0.0	42.0
02:54	02:11	17269.4318	238.3960304		241.46525686	51.0	0.0	41.0
02:55	02:12	17269.4318	239.0773088		241.97357111	49.0	0.0	39.0
02:56	02:13	17269.4318	239.6401832		242.48087459	43.0	0.0	34.0
02:57	02:14	17269.4318	240.2121656		242.98717148	45.0	0.0	36.0
02:58	02:15	17269.4318	240.5619128		243.49247515	47.0	0.0	38.0
02:59	02:16	17269.4318	241.1430032		243.99675355	57.0	0.0	46.0
03:00	02:17	17269.4318	241.612976		244.50004493	54.0	0.0	43.0
03:01	02:18	17269.4318	242.0993432		245.00233976	56.0	0.0	45.0
03:02	02:19	17269.4318	242.7678704		245.5036422	56.0	0.0	45.0
03:03	02:20	17269.4318	243.2014112		246.00397553	49.0	0.0	39.0
03:04	02:21	17269.4318	243.8225768		246.5032726	53.0	0.0	42.0
03:05	02:22	17269.4318	244.4400992		247.0016113	49.0	0.0	39.0
03:06	02:23	17269.4318	244.9410392		247.49896632	47.0	0.0	38.0
03:07	02:24	17269.4318	245.5112		247.99534433	49.0	0.0	39.0
03:08	02:25	17269.4318	246.1068632		248.49075259	49.0	0.0	39.0
03:09	02:26	17269.4318	246.686132		248.98516824	48.0	0.0	38.0
03:10	02:27	17269.4318	247.205288		249.47862347	46.0	0.0	37.0
03:11	02:28	17269.4318	247.7408384		249.97111749	49.0	0.0	39.0
03:12	02:29	17269.4318	248.2308488		250.46264367	50.0	0.0	40.0
03:13	02:30	17269.4318	248.917592		250.95319652	52.0	0.0	42.0
03:14	02:31	17269.4318	249.400316		251.44280045	45.0	0.0	36.0
03:15	02:32	17269.4318	249.8338568		251.93144417	48.0	0.0	38.0
03:16	02:33	17269.4318	250.2346088		252.41913843	53.0	0.0	42.0
03:17	02:34	17269.4318	250.7993048		252.90588884	59.0	0.0	47.0
03:18	02:35	17269.4318	251.212808		253.39167671	54.0	0.0	43.0
03:19	02:36	17269.4318	251.905016		253.87652334	56.0	0.0	45.0
03:20	02:37	17269.4318	252.4460312		254.36043634	47.0	0.0	38.0
03:21	02:38	17269.4318	253.0198352		254.84340327	47.0	0.0	38.0
03:22	02:39	17269.4318	253.5754232		255.32543429	45.0	0.0	36.0
03:23	02:40	17269.4318	254.0126072		255.80654309	47.0	0.0	38.0
03:24	02:41	17269.4318	254.409716		256.28670651	52.0	0.0	42.0
03:25	02:42	17269.4318	254.9980928		256.76594864	57.0	0.0	46.0
03:26	02:43	17269.4318	255.3605912		257.24426444	52.0	0.0	42.0
03:27	02:44	17269.4318	255.903428		257.72166308	57.0	0.0	46.0
03:28	02:45	17269.4318	256.3989032		258.1981369	53.0	0.0	42.0
03:29	02:46	17269.4318	256.923524		258.67370082	53.0	0.0	42.0
03:30	02:47	17269.4318	257.3898536		259.14834772	51.0	0.0	41.0
03:31	02:48	17269.4318	257.9472632		259.62208407	53.0	0.0	42.0
03:32	02:49	17269.4318	258.3370856		260.09491443	51.0	0.0	41.0
03:33	02:50	17269.4318	258.7287296		260.56684331	56.0	0.0	45.0
03:34	02:51	17269.4318	259.2023456		261.03786583	59.0	0.0	47.0
03:35	02:52	17269.4318	259.774328		261.50799849	59.0	0.0	47.0
03:36	02:53	17269.4318	260.2643384		261.97722983	52.0	0.0	42.0
03:37	02:54	17269.4318	260.67602		262.44555929	52.0	0.0	42.0
03:38	02:55	17269.4318	261.058556		262.91301006	56.0	0.0	45.0
03:39	02:56	17269.4318	261.6068576		263.37956767	61.0	0.0	49.0
03:40	02:57	17269.4318	262.0640792		263.84524125	56.0	0.0	45.0
03:41	02:58	17269.4318	262.534052		264.31004033	56.0	0.0	45.0
03:42	02:59	17269.4318	263.126072		264.77395318	56.0	0.0	45.0
03:43	02:60	17269.4318	263.5614344		265.23699909	51.0	0.0	41.0
03:44	03:01	17269.4318	263.927576		265.69916008	54.0	0.0	43.0
03:45	03:02	17269.4318	264.4540184		266.1604641	60.0	0.0	48.0
03:46	03:03	17269.4318	264.9494936		266.62090041	57.0	0.0	46.0
03:47	03:04	17269.4318	265.4231096		267.08045271	55.0	0.0	44.0
03:48	03:05	17269.4318	265.9386224		267.53915539	55.0	0.0	44.0
03:49	03:06	17269.4318	266.5306424		267.99700208	55.0	0.0	44.0
03:50	03:07	17269.4318	266.9259296		268.4539939	50.0	0.0	40.0
03:51	03:08	17269.4318	267.3813296		268.91013221	55.0	0.0	44.0
03:52	03:09	17269.4318	267.9278096		269.36541966	57.0	0.0	46.0
03:53	03:10	17269.4318	268.335848		269.81985964	54.0	0.0	43.0
03:54	03:11	17269.4318	268.8222152		270.2734583	56.0	0.0	45.0
03:55	03:12	17269.4318	269.410592		270.72621296	56.0	0.0	45.0
03:56	03:13	17269.4318	269.8532408		271.17813348	51.0	0.0	41.0
03:57	03:14	17269.4318	270.357824		271.62921261	53.0	0.0	42.0
03:58	03:15	17269.4318	270.8259752		272.07946959	53.0	0.0	42.0
03:59	03:16	17269.4318	271.2066896		272.52888646	54.0	0.0	43.0
04:00	03:17	17269.4318	271.678484		272.97747648	58.0	0.0	46.0
04:01	03:18	17269.4318	272.2031048		273.4252536	58.0	0.0	46.0
04:02	03:19	17269.4318	272.6020352		273.87238378	54.0	0.0	43.0
04:03	03:20	17269.4318	273.0246464		274.31832354	57.0	0.0	46.0
04:04	03:21	17269.4318	273.5784128		274.76364093	58.0	0.0	46.0
04:05	03:22	17269.4318	273.9409112		275.20814118	54.0	0.0	43.0
04:06	03:23	17269.4318	274.301588		275.65183517	58.0	0.0	46.0
04:07	03:24	17269.4318	274.8863216		276.09472138	62.0	0.0	50.0
04:08	03:25	17269.4318	275.4109424		276.53680131	55.0	0.0	44.0
04:09	03:26	17269.4318	275.9118824		276.97808381	52.0	0.0	42.0
04:10	03:27	17269.4318	276.2616296		277.41856845	52.0	0.0	42.0
04:11	03:28	17269.4318	276.778964		277.85825478	58.0	0.0	46.0
04:12	03:29	17269.4318	277.2853688		278.29715343	56.0	0.0	45.0
04:13	03:30	17269.4318	277.8045248		278.73525976	54.0	0.0	43.0
04:14	03:31	17269.4318	278.1196616		279.17257715	51.0	0.0	41.0
04:15	03:32	17269.4318	278.627888		279.60911572	59.0	0.0	47.0
04:16	03:33	17269.4318	278.9339168		280.04486856	57.0	0.0	46.0
04:17	03:34	17269.4318	279.593336		280.47984784	63.0	0.0	50.0
04:18	03:35	17269.4318	279.957656		280.91404861	51.0	0.0	41.0
04:19	03:36	17269.4318	280.4112344		281.34747916	56.0	0.0	45.0
04:20	03:37	17269.4318	280.8101648		281.78014439	56.0	0.0	45.0
04:21	03:38	17269.4318	281.3220344		282.2120495	60.0	0.0	48.0
04:22	03:39	17269.4318	281.706392		282.6431688	55.0	0.0	44.0
04:23	03:40	17269.4318	282.2510504		283.07353797	58.0	0.0	46.0
04:24	03:41	17269.4318	282.6645536		283.50315301	53.0	0.0	42.0
04:25	03:42	17269.4318	283.1035592		283.93201145	56.0	0.0	45.0
04:26	03:43	17269.4318	283.5024896		284.36011614	56.0	0.0	45.0
04:27	03:44	17269.4318	283.9050632		284.78747342	59.0	0.0	47.0
04:28	03:45	17269.4318	284.3859656		285.2140853	59.0	0.0	47.0
04:29	03:46	17269.4318	284.72114		285.63995355	57.0	0.0	46.0
04:30	03:47	17269.4318	285.1364648		286.06508004	61.0	0.0	49.0
04:31	03:48	17269.4318	285.5973296		286.48946797	61.0	0.0	49.0
04:32	03:49	17269.4318	286.13288		286.91312844	59.0	0.0	47.0
04:33	03:50	17269.4318	286.5263456		287.33605021	53.0	0.0	42.0
04:34	03:51	17269.4318	287.0473232		287.7582378	56.0	0.0	45.0
04:35	03:52	17269.4318	287.4480752		288.17970359	54.0	0.0	43.0
04:36	03:53	17269.4318	287.9654096		288.6004551	57.0	0.0	46.0
04:37	03:54	17269.4318	288.437204		289.02048135	54.0	0.0	43.0
04:38	03:55	17269.4318	288.8907824		289.43977577	54.0	0.0	43.0
04:39	03:56	17269.4318	289.3443608		289.85836882	54.0	0.0	43.0
04:40	03:57	17269.4318	289.7360048		290.27624537	55.0	0.0	44.0
04:41	03:58	17269.4318	290.2915928		290.69342586	58.0	0.0	46.0
04:42	03:59	17269.4318	290.6395184		291.10988131	52.0	0.0	42.0
04:43	03:60	17269.4318	290.9491904		291.52563724	57.0	0.0	46.0
04:44	04:01	17269.4318	291.379088		291.94069793	62.0	0.0	50.0
04:45	04:02	17269.4318	291.8016992		292.35505746	62.0	0.0	50.0
04:46	04:03	17269.4318	292.116836		292.76872717	59.0	0.0	47.0
04:47	04:04	17269.4318	292.6305272		293.18170503	62.0	0.0	50.0
04:48	04:05	17269.4318	292.9875608		293.5939911	57.0	0.0	46.0
04:49	04:06	17269.4318	293.3846696		294.00559456	60.0	0.0	48.0
04:50	04:07	17269.4318	293.7690272		294.41651512	60.0	0.0	48.0
04:51	04:08	17269.4318	294.2699672		294.82675634	62.0	0.0	50.0
04:52	04:09	17269.4318	294.8565224		295.23631455	57.0	0.0	46.0
04:53	04:10	17269.4318	295.2645608		295.64520238	50.0	0.0	40.0
04:54	04:11	17269.4318	295.5560168		296.0534188	53.0	0.0	42.0
04:55	04:12	17269.4318	296.0442056		296.46096788	61.0	0.0	49.0
04:56	04:13	17269.4318	296.4267416		296.86786073	59.0	0.0	47.0
04:57	04:14	17269.4318	296.689052		297.27406601	59.0	0.0	47.0
04:58	04:15	17269.4318	297.2464616		297.67962432	65.0	0.0	52.0
04:59	04:16	17269.4318	297.7237208		298.08454733	57.0	0.0	46.0
04:60	04:17	17269.4318	298.1609048		298.48877512	54.0	0.0	43.0
05:01	04:18	17269.4318	298.5980888		298.89236921	54.0	0.0	43.0
05:02	04:19	17269.4318	298.9624088		299.29531719	56.0	0.0	45.0
05:03	04:20	17269.4318	299.2902968		299.6976217	59.0	0.0	47.0
05:04	04:21	17269.4318	299.8641008		300.09927785	63.0	0.0	50.0
05:05	04:22	17269.4318	300.2666744		300.50029728	55.0	0.0	44.0
05:06	04:23	17269.4318	300.6309944		300.90068041	55.0	0.0	44.0
05:07	04:24	17269.4318	301.16108		301.30043196	58.0	0.0	46.0
05:08	04:25	17269.4318	301.461644		301.69954337	54.0	0.0	43.0
05:09	04:26	17269.4318	301.8860768		302.09803333	60.0	0.0	48.0
05:10	04:27	17269.4318	302.2285376		302.49589979	60.0	0.0	48.0
05:11	04:28	17269.4318	302.6693648		302.89314619	62.0	0.0	50.0
05:12	04:29	17269.4318	303.0227552		303.2897606	58.0	0.0	46.0
05:13	04:30	17269.4318	303.4672256		303.68576026	61.0	0.0	49.0
05:14	04:31	17269.4318	303.98456		304.08114774	58.0	0.0	46.0
05:15	04:32	17269.4318	304.2286544		304.47592599	53.0	0.0	42.0
05:16	04:33	17269.4318	304.521932		304.87009621	61.0	0.0	49.0
05:17	04:34	17269.4318	304.968224		305.26367279	66.0	0.0	53.0
05:18	04:35	17269.4318	305.241464		305.65662272	62.0	0.0	50.0
05:19	04:36	17269.4318	305.6932208		306.04898505	65.0	0.0	52.0
05:20	04:37	17269.4318	305.9227424		306.44075147	60.0	0.0	48.0
05:21	04:38	17269.4318	306.334424		306.8319262	67.0	0.0	54.0
05:22	04:39	17269.4318	306.7570352		307.22251627	64.0	0.0	51.0
05:23	04:40	17269.4318	307.2616184		307.612496	62.0	0.0	50.0
05:24	04:41	17269.4318	307.5257504		308.00190332	55.0	0.0	44.0
05:25	04:42	17269.4318	307.8135632		308.39073038	63.0	0.0	50.0
05:26	04:43	17269.4318	308.1942776		308.77897708	67.0	0.0	54.0
05:27	04:44	17269.4318	308.4766256		309.1666614	67.0	0.0	54.0
05:28	04:45	17269.4318	309.0395		309.55373865	67.0	0.0	54.0
05:29	04:46	17269.4318	309.2289464		309.94026341	58.0	0.0	46.0
05:30	04:47	17269.4318	309.6169472		310.32622761	67.0	0.0	54.0
05:31	04:48	17269.4318	310.1433896		310.71162601	66.0	0.0	53.0
05:32	04:49	17269.4318	310.5004232		311.09644555	60.0	0.0	48.0
05:33	04:50	17269.4318	310.879316		311.48070916	60.0	0.0	48.0
05:34	04:51	17269.4318	311.17988		311.86442291	62.0	0.0	50.0
05:35	04:52	17269.4318	311.6061344		312.24759996	67.0	0.0	54.0
05:36	04:53	17269.4318	311.9249144		312.63020149	64.0	0.0	51.0
05:37	04:54	17269.4318	312.427676		313.01225037	66.0	0.0	53.0
05:38	04:55	17269.4318	312.7974608		313.39376979	60.0	0.0	48.0
05:39	04:56	17269.4318	313.2874712		313.77474148	61.0	0.0	49.0
05:40	04:57	17269.4318	313.6608992		314.15517369	57.0	0.0	46.0
05:41	04:58	17269.4318	314.0489		314.53507147	60.0	0.0	48.0
05:42	04:59	17269.4318	314.4168632		314.91443753	60.0	0.0	48.0
05:43	04:60	17269.4318	315.00524	DRY End	315.29327709	63.0	0.0	50.0
05:44	05:01	17269.4318	315.3713816		315.67157618	54.0	0.0	43.0
05:45	05:02	17269.4318	315.761204		316.04935642	58.0	0.0	46.0
05:46	05:03	17269.4318	316.243928		316.42662677	58.0	0.0	46.0
05:47	05:04	17269.4318	316.4370176		316.80335578	57.0	0.0	46.0
05:48	05:05	17269.4318	316.8887744		317.17958192	67.0	0.0	54.0
05:49	05:06	17269.4318	317.2111976		317.55529045	63.0	0.0	50.0
05:50	05:07	17269.4318	317.6137712		317.9304908	65.0	0.0	52.0
05:51	05:08	17269.4318	317.9871992		318.30519384	62.0	0.0	50.0
05:52	05:09	17269.4318	318.4189184		318.67937194	63.0	0.0	50.0
05:53	05:10	17269.4318	318.9435392		319.05305705	60.0	0.0	48.0
05:54	05:11	17269.4318	319.3242536		319.4262441	55.0	0.0	44.0
05:55	05:12	17269.4318	319.6430336		319.79893622	57.0	0.0	46.0
05:56	05:13	17269.4318	320.069288		320.17114149	62.0	0.0	50.0
05:57	05:14	17269.4318	320.4846128		320.54283839	62.0	0.0	50.0
05:58	05:15	17269.4318	320.7487448		320.91406051	71.0	0.0	57.0
05:59	05:16	17269.4318	321.24422		321.28906372	34.0	0.0	27.0
05:60	05:17	17269.4318	321.581216		321.65504637	59.0	0.0	47.0
06:01	05:18	17269.4318	321.9947192		322.02481975	61.0	0.0	49.0
06:02	05:19	17269.4318	322.264316		322.39412898	59.0	0.0	47.0
06:03	05:20	17269.4318	322.7707208		322.76294395	65.0	0.0	52.0
06:04	05:21	17269.4318	323.1569		323.13129862	58.0	0.0	46.0
06:05	05:22	17269.4318	323.6450888		323.49918621	58.0	0.0	46.0
06:06	05:23	17269.4318	324.0367328		323.86661611	54.0	0.0	43.0
06:07	05:24	17269.4318	324.2844704		324.23357737	57.0	0.0	46.0
06:08	05:25	17269.4318	324.6378608		324.60007341	64.0	0.0	51.0
06:09	05:26	17269.4318	325.0440776		324.9661206	65.0	0.0	52.0
06:10	05:27	17269.4318	325.4721536		325.3317129	62.0	0.0	50.0
06:11	05:28	17269.4318	325.8200792		325.69687366	58.0	0.0	46.0
06:12	05:29	17269.4318	326.3246624		326.06156703	60.0	0.0	48.0
06:13	05:30	17269.4318	326.3756672		326.4258072	55.0	0.0	44.0
06:14	05:31	17269.4318	326.8256024		326.78961777	71.0	0.0	57.0
06:15	05:32	17269.4318	327.1862792		327.15299104	65.0	0.0	52.0
06:16	05:33	17269.4318	327.5852096		327.51592824	64.0	0.0	51.0
06:17	05:34	17269.4318	328.0970792		327.87843661	60.0	0.0	48.0
06:18	05:35	17269.4318	328.3193144		328.2405034	55.0	0.0	44.0
06:19	05:36	17269.4318	328.7054936		328.60215112	63.0	0.0	50.0
06:20	05:37	17269.4318	329.1244616		328.96337306	63.0	0.0	50.0
06:21	05:38	17269.4318	329.3849504		329.32417425	61.0	0.0	49.0
06:22	05:39	17269.4318	329.8221344		329.6845547	64.0	0.0	51.0
06:23	05:40	17269.4318	330.1992056		330.04452339	61.0	0.0	49.0
06:24	05:41	17269.4318	330.5034128		330.40407604	61.0	0.0	49.0
06:25	05:42	17269.4318	330.9424184		330.76322121	63.0	0.0	50.0
06:26	05:43	17269.4318	331.2666632		331.12196579	60.0	0.0	48.0
06:27	05:44	17269.4318	331.5107576		331.48029019	62.0	0.0	50.0
06:28	05:45	17269.4318	331.836824		331.83822201	67.0	0.0	54.0
06:29	05:46	17269.4318	332.292224		332.19577106	67.0	0.0	54.0
06:30	05:47	17269.4318	332.6237552		332.55289583	61.0	0.0	49.0
06:31	05:48	17269.4318	333.0500096		332.9096399	61.0	0.0	49.0
06:32	05:49	17269.4318	333.3797192		333.26599449	59.0	0.0	47.0
06:33	05:50	17269.4318	333.7877576		333.6219689	62.0	0.0	50.0
06:34	05:51	17269.4318	334.150256		333.97754971	60.0	0.0	48.0
06:35	05:52	17269.4318	334.4981816		334.33275239	61.0	0.0	49.0
06:36	05:53	17269.4318	334.8861824		334.68757773	62.0	0.0	50.0
06:37	05:54	17269.4318	335.4108032		335.04202935	62.0	0.0	50.0
06:38	05:55	17269.4318	335.7222968		335.39610988	54.0	0.0	43.0
06:39	05:56	17269.4318	336.0520064		335.74981907	58.0	0.0	46.0
06:40	05:57	17269.4318	336.5565896		336.10315677	61.0	0.0	49.0
06:41	05:58	17269.4318	336.7678952		336.45614076	56.0	0.0	45.0
06:42	05:59	17269.4318	337.2032576		336.80876066	63.0	0.0	50.0
06:43	05:60	17269.4318	337.6440848		337.16100929	60.0	0.0	48.0
06:44	06:01	17269.4318	337.9373624		337.51291542	57.0	0.0	46.0
06:45	06:02	17269.4318	338.3745464		337.86446178	60.0	0.0	48.0
06:46	06:03	17269.4318	338.7024344		338.21567101	58.0	0.0	46.0
06:47	06:04	17269.4318	339.0521816		338.56651869	60.0	0.0	48.0
06:48	06:05	17269.4318	339.5494784		338.91702985	60.0	0.0	48.0
06:49	06:06	17269.4318	339.8773664		339.26720135	55.0	0.0	44.0
06:50	06:07	17269.4318	340.1997896		339.61703174	57.0	0.0	46.0
06:51	06:08	17269.4318	340.389236		339.96652927	60.0	0.0	48.0
06:52	06:09	17269.4318	340.7371616		340.31569042	68.0	0.0	54.0
06:53	06:10	17269.4318	341.0377256		340.66451652	66.0	0.0	53.0
06:54	06:11	17269.4318	341.4202616		341.01301199	66.0	0.0	53.0
06:55	06:12	17269.4318	341.6388536		341.36117996	61.0	0.0	49.0
06:56	06:13	17269.4318	342.1489016		341.70902008	67.0	0.0	54.0
06:57	06:14	17269.4318	342.5350808		342.0565111	58.0	0.0	46.0
06:58	06:15	17269.4318	342.775532		342.40368541	58.0	0.0	46.0
06:59	06:16	17269.4318	343.2473264		342.75053767	62.0	0.0	50.0
07:00	06:17	17269.4318	343.7373368		343.09705334	58.0	0.0	46.0
07:01	06:18	17269.4318	344.1016568		343.4432536	53.0	0.0	42.0
07:02	06:19	17269.4318	344.5479488		343.78911984	54.0	0.0	43.0
07:03	06:20	17269.4318	344.7501464		344.13466608	53.0	0.0	42.0
07:04	06:21	17269.4318	345.2110112		344.47989148	63.0	0.0	50.0
07:05	06:22	17269.4318	345.4514624		344.82479914	58.0	0.0	46.0
07:06	06:23	17269.4318	345.8066744		345.1693762	63.0	0.0	50.0
07:07	06:24	17269.4318	346.2165344		345.51364	61.0	0.0	49.0
07:08	06:25	17269.4318	346.5753896		345.85758589	59.0	0.0	47.0
07:09	06:26	17269.4318	346.946996		346.20123233	57.0	0.0	46.0
07:10	06:27	17269.4318	347.1710528		346.54452385	57.0	0.0	46.0
07:11	06:28	17269.4318	347.6446688		346.8875192	64.0	0.0	51.0
07:12	06:29	17269.4318	347.903336		347.2302016	57.0	0.0	46.0
07:13	06:30	17269.4318	348.3241256		347.57257049	61.0	0.0	49.0
07:14	06:31	17269.4318	348.7394504		347.91462504	57.0	0.0	46.0
07:15	06:32	17269.4318	348.9380048		348.25636952	56.0	0.0	45.0
07:16	06:33	17269.4318	349.2385688		348.59780541	62.0	0.0	50.0
07:17	06:34	17269.4318	349.5810296		348.93893006	64.0	0.0	51.0
07:18	06:35	17269.4318	349.8907016		349.27975043	63.0	0.0	50.0
07:19	06:36	17269.4318	350.2113032		349.6202604	62.0	0.0	50.0
07:20	06:37	17269.4318	350.4553976		349.96045996	62.0	0.0	50.0
07:21	06:38	17269.4318	350.8379336		350.30036394	65.0	0.0	52.0
07:22	06:39	17269.4318	351.2295776		350.63995256	62.0	0.0	50.0
07:23	06:40	17269.4318	351.3425168		350.97924361	59.0	0.0	47.0
07:24	06:41	17269.4318	351.7232312		351.31823366	68.0	0.0	54.0
07:25	06:42	17269.4318	352.0729784		351.65692372	65.0	0.0	52.0
07:26	06:43	17269.4318	352.3808288		351.9953138	63.0	0.0	50.0
07:27	06:44	17269.4318	352.6649984		352.33339838	63.0	0.0	50.0
07:28	06:45	17269.4318	353.0165672		352.67118805	65.0	0.0	52.0
07:29	06:46	17269.4318	353.2643048		353.00868528	63.0	0.0	50.0
07:30	06:47	17269.4318	353.6523056		353.34588122	66.0	0.0	53.0
07:31	06:48	17269.4318	353.951048		353.682782	62.0	0.0	50.0
07:32	06:49	17269.4318	354.2771144		354.01939111	64.0	0.0	51.0
07:33	06:50	17269.4318	354.6195752		354.35570655	64.0	0.0	51.0
07:34	06:51	17269.4318	354.9019232		354.69173854	64.0	0.0	51.0
07:35	06:52	17269.4318	355.3245344		355.02746856	65.0	0.0	52.0
07:36	06:53	17269.4318	355.6433144		355.36290938	60.0	0.0	48.0
07:37	06:54	17269.4318	355.973024		355.69806036	60.0	0.0	48.0
07:38	06:55	17269.4318	356.3610248		356.03292654	62.0	0.0	50.0
07:39	06:56	17269.4318	356.6397296		356.36751937	60.0	0.0	48.0
07:40	06:57	17269.4318	356.9858336		356.70180022	63.0	0.0	50.0
07:41	06:58	17269.4318	357.2608952		357.035807	63.0	0.0	50.0
07:42	06:59	17269.4318	357.6907928		357.36953237	65.0	0.0	52.0
07:43	07:00	17269.4318	358.0241456		357.70297724	60.0	0.0	48.0
07:44	07:01	17269.4318	358.277348		358.03614848	61.0	0.0	49.0
07:45	07:02	17269.4318	358.550588		358.3690147	64.0	0.0	51.0
07:46	07:03	17269.4318	358.787396		358.70161347	67.0	0.0	54.0
07:47	07:04	17269.4318	359.1353216		359.0339347	70.0	0.0	56.0
07:48	07:05	17269.4318	359.54336		359.36597861	66.0	0.0	53.0
07:49	07:06	17269.4318	359.8548536		359.69776568	61.0	0.0	49.0
07:50	07:07	17269.4318	360.3120752		360.02923495	61.0	0.0	49.0
07:51	07:08	17269.4318	360.6326768		360.36045763	57.0	0.0	46.0
07:52	07:09	17269.4318	361.0224992		360.69139401	60.0	0.0	48.0
07:53	07:10	17269.4318	361.355852		361.02206239	59.0	0.0	47.0
07:54	07:11	17269.4318	361.692848		361.35246121	61.0	0.0	49.0
07:55	07:12	17269.4318	361.966088		361.6825889	61.0	0.0	49.0
07:56	07:13	17269.4318	362.4615632		362.012447	65.0	0.0	52.0
07:57	07:14	17269.4318	362.6601176		362.34203821	57.0	0.0	46.0
07:58	07:15	17269.4318	362.9479304		362.67135835	64.0	0.0	51.0
07:59	07:16	17269.4318	363.3122504		363.00041756	65.0	0.0	52.0
08:00	07:17	17269.4318	363.6747488		363.3292066	64.0	0.0	51.0
08:01	07:18	17269.4318	363.9935288		363.65773354	61.0	0.0	49.0
08:02	07:19	17269.4318	364.525436		363.98599043	61.0	0.0	49.0
08:03	07:20	17269.4318	364.7658872		364.31398988	54.0	0.0	43.0
08:04	07:21	17269.4318	365.0937752		364.64172794	60.0	0.0	48.0
08:05	07:22	17269.4318	365.4672032		364.96920718	60.0	0.0	48.0
08:06	07:23	17269.4318	365.7313352		365.29643589	60.0	0.0	48.0
08:07	07:24	17269.4318	366.064688		365.62338328	63.0	0.0	50.0
08:08	07:25	17269.4318	366.401684		365.95008568	63.0	0.0	50.0
08:09	07:26	17269.4318	366.638492		366.27653187	62.0	0.0	50.0
08:10	07:27	17269.4318	366.9335912		366.60272874	65.0	0.0	52.0
08:11	07:28	17269.4318	367.2541928		366.9286631	65.0	0.0	52.0
08:12	07:29	17269.4318	367.5711512		367.25434287	65.0	0.0	52.0
08:13	07:30	17269.4318	367.8607856		367.5797778	64.0	0.0	51.0
08:14	07:31	17269.4318	368.1285608		367.9049575	65.0	0.0	52.0
08:15	07:32	17269.4318	368.4345896		368.22988477	66.0	0.0	53.0
08:16	07:33	17269.4318	368.7278672		368.55456447	66.0	0.0	53.0
08:17	07:34	17269.4318	369.0557552		368.87899302	66.0	0.0	53.0
08:18	07:35	17269.4318	369.3508544		369.20317919	64.0	0.0	51.0
08:19	07:36	17269.4318	369.6659912		369.52712444	64.0	0.0	51.0
08:20	07:37	17269.4318	370.0394192		369.85081048	64.0	0.0	51.0
08:21	07:38	17269.4318	370.3399832		370.17426016	62.0	0.0	50.0
08:22	07:39	17269.4318	370.6296176		370.49746672	62.0	0.0	50.0
08:23	07:40	17269.4318	370.8536744		370.82043173	65.0	0.0	52.0
08:24	07:41	17269.4318	371.137844		371.14316201	69.0	0.0	55.0
08:25	07:42	17269.4318	371.4056192		371.4656371	69.0	0.0	55.0
08:26	07:43	17269.4318	371.820944		371.78788061	69.0	0.0	55.0
08:27	07:44	17269.4318	372.0450008		372.10988629	63.0	0.0	50.0
08:28	07:45	17269.4318	372.4330016		372.43165604	67.0	0.0	54.0
08:29	07:46	17269.4318	372.6807392		372.75319037	63.0	0.0	50.0
08:30	07:47	17269.4318	373.0632752		373.07448246	67.0	0.0	54.0
08:31	07:48	17269.4318	373.3310504		373.39554717	63.0	0.0	50.0
08:32	07:49	17269.4318	373.7554832		373.71637831	67.0	0.0	54.0
08:33	07:50	17269.4318	374.0578688		374.03697397	61.0	0.0	49.0
08:34	07:51	17269.4318	374.4877664		374.35734863	63.0	0.0	50.0
08:35	07:52	17269.4318	374.7682928		374.67747995	59.0	0.0	47.0
08:36	07:53	17269.4318	375.0797864		374.99738841	63.0	0.0	50.0
08:37	07:54	17269.4318	375.3931016		375.31706833	63.0	0.0	50.0
08:38	07:55	17269.4318	375.7792808		375.63652606	66.0	0.0	53.0
08:39	07:56	17269.4318	376.0434128		375.95574334	62.0	0.0	50.0
08:40	07:57	17269.4318	376.4496296		376.27474638	65.0	0.0	52.0
08:41	07:58	17269.4318	376.8412736		376.59352625	61.0	0.0	49.0
08:42	07:59	17269.4318	377.0835464		376.91208155	59.0	0.0	47.0
08:43	07:60	17269.4318	377.4879416		377.23041605	64.0	0.0	51.0
08:44	08:01	17269.4318	377.8559048		377.54852939	62.0	0.0	50.0
08:45	08:02	17269.4318	378.1346096		377.86643443	60.0	0.0	48.0
08:46	08:03	17269.4318	378.488		378.1841157	63.0	0.0	50.0
08:47	08:04	17269.4318	378.7029488		378.50155589	63.0	0.0	50.0
08:48	08:05	17269.4318	378.979832		378.81879735	68.0	0.0	54.0
08:49	08:06	17269.4318	379.3314008		379.13583925	68.0	0.0	54.0
08:50	08:07	17269.4318	379.7011856		379.45264091	65.0	0.0	52.0
08:51	08:08	17269.4318	380.0472896		379.76922895	62.0	0.0	50.0
08:52	08:09	17269.4318	380.4116096		380.08561296	62.0	0.0	50.0
08:53	08:10	17269.4318	380.7212816		380.40179432	60.0	0.0	48.0
08:54	08:11	17269.4318	381.0145592		380.71775245	62.0	0.0	50.0
08:55	08:12	17269.4318	381.3533768		381.03350095	64.0	0.0	51.0
08:56	08:13	17269.4318	381.7158752		381.34904281	63.0	0.0	50.0
08:57	08:14	17269.4318	382.112984		381.66438101	61.0	0.0	49.0
08:58	08:15	17269.4318	382.5465248		381.97951027	58.0	0.0	46.0
08:59	08:16	17269.4318	382.8798776		382.29443268	55.0	0.0	44.0
09:00	08:17	17269.4318	383.13308		382.60915209	57.0	0.0	46.0
09:01	08:18	17269.4318	383.533832		382.92367933	63.0	0.0	50.0
09:02	08:19	17269.4318	383.7232784		383.23798144	60.0	0.0	48.0
09:03	08:20	17269.4318	384.062096		383.55209533	66.0	0.0	53.0
09:04	08:21	17269.4318	384.3772328		383.86600566	64.0	0.0	51.0
09:05	08:22	17269.4318	384.8235248		384.17971847	64.0	0.0	51.0
09:06	08:23	17269.4318	385.2060608		384.49323275	57.0	0.0	46.0
09:07	08:24	17269.4318	385.5448784		384.80654788	57.0	0.0	46.0
09:08	08:25	17269.4318	385.8162968		385.11966764	57.0	0.0	46.0
09:09	08:26	17269.4318	386.2225136		385.43260445	62.0	0.0	50.0
09:10	08:27	17269.4318	386.5977632		385.74532258	58.0	0.0	46.0
09:11	08:28	17269.4318	386.8618952		386.05787292	57.0	0.0	46.0
09:12	08:29	17269.4318	387.3373328		386.37020507	60.0	0.0	48.0
09:13	08:30	17269.4318	387.6087512		386.68235697	54.0	0.0	43.0
09:14	08:31	17269.4318	387.7307984		386.99432089	58.0	0.0	46.0
09:15	08:32	17269.4318	388.0823672		387.30609534	67.0	0.0	54.0
09:16	08:33	17269.4318	388.4394008		387.61768577	65.0	0.0	52.0
09:17	08:34	17269.4318	388.7089976		387.92907941	61.0	0.0	49.0
09:18	08:35	17269.4318	389.0314208		388.24028987	61.0	0.0	49.0
09:19	08:36	17269.4318	389.4686048		388.55131828	61.0	0.0	49.0
09:20	08:37	17269.4318	389.7946712		388.86215989	56.0	0.0	45.0
09:21	08:38	17269.4318	390.1170944		389.1728276	56.0	0.0	45.0
09:22	08:39	17269.4318	390.3174704		389.4832968	58.0	0.0	46.0
09:23	08:40	17269.4318	390.6071048		389.79359316	64.0	0.0	51.0
09:24	08:41	17269.4318	391.002392		390.10371298	64.0	0.0	51.0
09:25	08:42	17269.4318	391.3430312		390.41364654	59.0	0.0	47.0
09:26	08:43	17269.4318	391.7875016		390.72341039	57.0	0.0	46.0
09:27	08:44	17269.4318	391.9969856		391.03298711	52.0	0.0	42.0
09:28	08:45	17269.4318	392.213756		391.3423929	60.0	0.0	48.0
09:29	08:46	17269.4318	392.4724232		391.65163151	65.0	0.0	52.0
09:30	08:47	17269.4318	392.7547712		391.96068542	66.0	0.0	53.0
09:31	08:48	17269.4318	393.0097952		392.26956562	64.0	0.0	51.0
09:32	08:49	17269.4318	393.279392		392.57827761	64.0	0.0	51.0
09:33	08:50	17269.4318	393.7183976		392.88681899	64.0	0.0	51.0
09:34	08:51	17269.4318	394.035356		393.19519123	57.0	0.0	46.0
09:35	08:52	17269.4318	394.317704		393.503395	57.0	0.0	46.0
09:36	08:53	17269.4318	394.636484		393.81142524	60.0	0.0	48.0
09:37	08:54	17269.4318	394.8842216		394.11929217	61.0	0.0	49.0
09:38	08:55	17269.4318	395.1228512		394.42699434	63.0	0.0	50.0
09:39	08:56	17269.4318	395.419772		394.73453705	65.0	0.0	52.0
09:40	08:57	17269.4318	395.7494816		395.04190261	64.0	0.0	51.0
09:41	08:58	17269.4318	395.9680736		395.34911671	61.0	0.0	49.0
09:42	08:59	17269.4318	396.2595296		395.65616271	64.0	0.0	51.0
09:43	08:60	17269.4318	396.6238496		395.96304782	64.0	0.0	51.0
09:44	09:01	17269.4318	396.7112864		396.26978025	61.0	0.0	49.0
09:45	09:02	17269.4318	397.1247896	FCs	396.57634413	69.0	0.0	55.0
09:46	09:03	17269.4318	397.4745368		396.8827567	63.0	0.0	50.0
09:47	09:04	17269.4318	397.6038704		397.18901427	60.0	0.0	48.0
09:48	09:05	17269.4318	397.9117208		397.4951085	67.0	0.0	54.0
09:49	09:06	17269.4318	398.1740312		397.80105692	67.0	0.0	54.0
09:50	09:07	17269.4318	398.5201352		398.10684428	67.0	0.0	54.0
09:51	09:08	17269.4318	398.7879104		398.41248095	62.0	0.0	50.0
09:52	09:09	17269.4318	399.0739016		398.7179657	64.0	0.0	51.0
09:53	09:10	17269.4318	399.3489632		399.02330187	64.0	0.0	51.0
09:54	09:11	17269.4318	399.764288		399.32848666	65.0	0.0	52.0
09:55	09:12	17269.4318	400.0138472		399.633526	62.0	0.0	50.0
09:56	09:13	17269.4318	400.2670496		399.93842288	59.0	0.0	47.0
09:57	09:14	17269.4318	400.5147872		400.24315821	65.0	0.0	52.0
09:58	09:15	17269.4318	400.839032		400.54775322	67.0	0.0	54.0
09:59	09:16	17269.4318	401.07584		400.85220851	65.0	0.0	52.0
10:00	09:17	17269.4318	401.458376		401.15651691	66.0	0.0	53.0
10:01	09:18	17269.4318	401.6806112		401.46068285	62.0	0.0	50.0
10:02	09:19	17269.4318	402.0157856		401.7647078	65.0	0.0	52.0
10:03	09:20	17269.4318	402.4220024		402.06860521	63.0	0.0	50.0
10:04	09:21	17269.4318	402.5895896		402.37234461	59.0	0.0	47.0
10:05	09:22	17269.4318	402.961196		402.67594645	66.0	0.0	53.0
10:06	09:23	17269.4318	403.3291592		402.97941512	63.0	0.0	50.0
10:07	09:24	17269.4318	403.4876384		403.28275296	61.0	0.0	49.0
10:08	09:25	17269.4318	403.9157144		403.58594695	66.0	0.0	53.0
10:09	09:26	17269.4318	404.2253864		403.88900924	61.0	0.0	49.0
10:10	09:27	17269.4318	404.4968048		404.19194172	61.0	0.0	49.0
10:11	09:28	17269.4318	404.8410872		404.49473882	61.0	0.0	49.0
10:12	09:29	17269.4318	405.147116		404.79740383	62.0	0.0	50.0
10:13	09:30	17269.4318	405.374816		405.09995307	62.0	0.0	50.0
10:14	09:31	17269.4318	405.7609952		405.40234708	66.0	0.0	53.0
10:15	09:32	17269.4318	405.957728		405.70463509	62.0	0.0	50.0
10:16	09:33	17269.4318	406.2364328		406.00677842	66.0	0.0	53.0
10:17	09:34	17269.4318	406.4823488		406.30880254	66.0	0.0	53.0
10:18	09:35	17269.4318	406.6881896		406.61070327	68.0	0.0	54.0
10:19	09:36	17269.4318	406.941392		406.91248243	70.0	0.0	56.0
10:20	09:37	17269.4318	407.1108008		407.21413141	70.0	0.0	56.0
10:21	09:38	17269.4318	407.3949704		407.51566701	73.0	0.0	58.0
10:22	09:39	17269.4318	407.7119288		407.81707117	70.0	0.0	56.0
10:23	09:40	17269.4318	407.9633096		408.11836123	67.0	0.0	54.0
10:24	09:41	17269.4318	408.234728		408.41953327	67.0	0.0	54.0
10:25	09:42	17269.4318	408.3859208		408.72058273	67.0	0.0	54.0
10:26	09:43	17269.4318	408.608156		409.02151966	74.0	0.0	59.0
10:27	09:44	17269.4318	408.9888704		409.32233675	74.0	0.0	59.0
10:28	09:45	17269.4318	409.2785048		409.62304054	68.0	0.0	54.0
10:29	09:46	17269.4318	409.537172		409.92363151	66.0	0.0	53.0
10:30	09:47	17269.4318	409.7703368		410.22410737	68.0	0.0	54.0
10:31	09:48	17269.4318	410.1273704		410.52447323	71.0	0.0	57.0
10:32	09:49	17269.4318	410.2639904		410.82472649	67.0	0.0	54.0
10:33	09:50	17269.4318	410.5554464		411.12487132	74.0	0.0	59.0
10:34	09:51	17269.4318	410.8632968		411.42490593	72.0	0.0	58.0
10:35	09:52	17269.4318	411.1055696		411.72483217	70.0	0.0	56.0
10:36	09:53	17269.4318	411.2822648		412.02465683	70.0	0.0	56.0
10:37	09:54	17269.4318	411.5354672		412.32436665	75.0	0.0	60.0
10:38	09:55	17269.4318	411.8888576		412.62397875	75.0	0.0	60.0
10:39	09:56	17269.4318	412.0837688		412.92348676	70.0	0.0	56.0
10:40	09:57	17269.4318	412.3132904		413.22288492	73.0	0.0	58.0
10:41	09:58	17269.4318	412.6958264		413.52218569	75.0	0.0	60.0
10:42	09:59	17269.4318	412.82516		413.82139395	70.0	0.0	56.0
10:43	09:60	17269.4318	413.1566912		414.12048602	76.0	0.0	61.0
10:44	10:01	17269.4318	413.4244664		414.41948722	73.0	0.0	58.0
10:45	10:02	17269.4318	413.6794904		414.71839153	74.0	0.0	59.0
10:46	10:03	17269.4318	414.0838856		415.01719967	74.0	0.0	59.0
10:47	10:04	17269.4318	414.300656		415.31590973	68.0	0.0	54.0
10:48	10:05	17269.4318	414.619436		415.6145267	72.0	0.0	58.0
10:49	10:06	17269.4318	414.8453144		415.91304917	71.0	0.0	57.0
10:50	10:07	17269.4318	415.1276624		416.2114807	75.0	0.0	60.0
10:51	10:08	17269.4318	415.3772216		416.50981929	75.0	0.0	60.0
10:52	10:09	17269.4318	415.73972		416.80806603	75.0	0.0	60.0
10:53	10:10	17269.4318	416.067608		417.10622621	71.0	0.0	57.0
10:54	10:11	17269.4318	416.4373928		417.40429445	71.0	0.0	57.0
10:55	10:12	17269.4318	416.714276		417.70227692	67.0	0.0	54.0
10:56	10:13	17269.4318	417.1077416		418.0001786	70.0	0.0	56.0
10:57	10:14	17269.4318	417.33362		418.29798523	67.0	0.0	54.0
10:58	10:15	17269.4318	417.6123248		418.59570803	72.0	0.0	58.0
10:59	10:16	17269.4318	417.898316		418.8933533	72.0	0.0	58.0
10:60	10:17	17269.4318	418.2480632		419.19092103	74.0	0.0	59.0
11:01	10:18	17269.4318	418.326392		419.48838719	70.0	0.0	56.0
11:02	10:19	17269.4318	418.727144		419.78578421	80.0	0.0	64.0
11:03	10:20	17269.4318	419.1078584		420.08310303	74.0	0.0	59.0
11:04	10:21	17269.4318	419.2444784		420.38034802	69.0	0.0	55.0
11:05	10:22	17269.4318	419.5541504		420.67750525	76.0	0.0	61.0
11:06	10:23	17269.4318	420.0587336		420.97459101	76.0	0.0	61.0
11:07	10:24	17269.4318	420.2445368		421.27160177	66.0	0.0	53.0
11:08	10:25	17269.4318	420.5742464		421.5685386	71.0	0.0	57.0
11:09	10:26	17269.4318	421.0423976		421.86540075	71.0	0.0	57.0
11:10	10:27	17269.4318	421.3520696		422.16219032	66.0	0.0	53.0
11:11	10:28	17269.4318	421.6526336		422.45890892	66.0	0.0	53.0
11:12	10:29	17269.4318	421.9222304		422.75555912	69.0	0.0	55.0
11:13	10:30	17269.4318	422.169968		423.05213717	73.0	0.0	58.0
11:14	10:31	17269.4318	422.561612		423.34864966	75.0	0.0	60.0
11:15	10:32	17269.4318	422.7856688		423.64509254	70.0	0.0	56.0
11:16	10:33	17269.4318	423.190064		423.94146997	73.0	0.0	58.0
11:17	10:34	17269.4318	423.4651256		424.23779221	68.0	0.0	54.0
11:18	10:35	17269.4318	423.6236048		424.53403089	71.0	0.0	57.0
11:19	10:36	17269.4318	423.964244		424.8302162	77.0	0.0	62.0
11:20	10:37	17269.4318	424.3267424		425.12634333	75.0	0.0	60.0
11:21	10:38	17269.4318	424.6764896		425.42240173	70.0	0.0	56.0
11:22	10:39	17269.4318	424.920584		425.71840349	68.0	0.0	54.0
11:23	10:40	17269.4318	425.266688		426.01434451	72.0	0.0	58.0
11:24	10:41	17269.4318	425.6018624		426.31023375	71.0	0.0	57.0
11:25	10:42	17269.4318	426.0080792		426.60605807	71.0	0.0	57.0
11:26	10:43	17269.4318	426.2667464		426.90182898	66.0	0.0	53.0
11:27	10:44	17269.4318	426.6347096		427.19754528	70.0	0.0	56.0
11:28	10:45	17269.4318	426.933452		427.49320607	68.0	0.0	54.0
11:29	10:46	17269.4318	427.252232		427.78881692	70.0	0.0	56.0
11:30	10:47	17269.4318	427.4635376		428.08437311	70.0	0.0	56.0
11:31	10:48	17269.4318	427.8059984		428.37988035	74.0	0.0	59.0
11:32	10:49	17269.4318	428.099276		428.67533812	72.0	0.0	58.0
11:33	10:50	17269.4318	428.4563096		428.97074209	72.0	0.0	58.0
11:34	10:51	17269.4318	428.6220752		429.26610233	69.0	0.0	55.0
11:35	10:52	17269.4318	428.9244608		429.56141453	75.0	0.0	60.0
11:36	10:53	17269.4318	429.3343208		429.85668056	74.0	0.0	59.0
11:37	10:54	17269.4318	429.5966312		430.15190918	69.0	0.0	55.0
11:38	10:55	17269.4318	429.9354488		430.44708002	70.0	0.0	56.0
11:39	10:56	17269.4318	430.2596936		430.74221599	70.0	0.0	56.0
11:40	10:57	17269.4318	430.5292904		431.0373077	70.0	0.0	56.0
11:41	10:58	17269.4318	430.849892		431.33235991	71.0	0.0	57.0
11:42	10:59	17269.4318	431.0848784		431.62737251	71.0	0.0	57.0
11:43	10:60	17269.4318	431.6040344		431.92235193	74.0	0.0	59.0
11:44	11:01	17269.4318	431.9920352		432.21728921	64.0	0.0	51.0
11:45	11:02	17269.4318	432.1960544		432.51218113	62.0	0.0	50.0
11:46	11:03	17269.4318	432.5476232		432.80704516	69.0	0.0	55.0
11:47	11:04	17269.4318	432.9246944		433.10187466	70.0	0.0	56.0
11:48	11:05	17269.4318	433.2398312		433.39667004	67.0	0.0	54.0
11:49	11:06	17269.4318	433.6296536		433.69143064	67.0	0.0	54.0
11:50	11:07	17269.4318	433.8956072		433.98616241	64.0	0.0	51.0
11:51	11:08	17269.4318	434.1688472		434.28086223	68.0	0.0	54.0
11:52	11:09	17269.4318	434.5404536		434.57553672	70.0	0.0	56.0
11:53	11:10	17269.4318	434.91206		434.87017478	68.0	0.0	54.0
11:54	11:11	17269.4318	435.3109904		435.16478737	65.0	0.0	52.0
11:55	11:12	17269.4318	435.6698456		435.45937637	62.0	0.0	50.0
11:56	11:13	17269.4318	435.9667664		435.7539379	62.0	0.0	50.0
11:57	11:14	17269.4318	436.4494904		436.04848033	65.0	0.0	52.0
11:58	11:15	17269.4318	436.7008712		436.34298861	59.0	0.0	47.0
11:59	11:16	17269.4318	437.0742992		436.63747972	64.0	0.0	51.0
12:00	11:17	17269.4318	437.4659432		436.93195024	63.0	0.0	50.0
12:01	11:18	17269.4318	437.8029392		437.22640525	63.0	0.0	50.0
12:02	11:19	17269.4318	438.1217192		437.52082914	61.0	0.0	49.0
12:03	11:20	17269.4318	438.5078984		437.81524061	63.0	0.0	50.0
12:04	11:21	17269.4318	438.7264904		438.1097875	61.0	0.0	49.0
12:05	11:22	17269.4318	438.946904		438.4040149	66.0	0.0	53.0
12:06	11:23	17269.4318	439.2456464		438.69837468	70.0	0.0	56.0
12:07	11:24	17269.4318	439.5717128		438.99272694	70.0	0.0	56.0
12:08	11:25	17269.4318	439.8649904		439.28705712	66.0	0.0	53.0
12:09	11:26	17269.4318	440.2110944		439.58138061	66.0	0.0	53.0
12:10	11:27	17269.4318	440.4825128		439.87569011	64.0	0.0	51.0
12:11	11:28	17269.4318	440.814044		440.16999469	66.0	0.0	53.0
12:12	11:29	17269.4318	441.1637912		440.46428834	64.0	0.0	51.0
12:13	11:30	17269.4318	441.3914912		440.7585764	63.0	0.0	50.0
12:14	11:31	17269.4318	441.7740272		441.05284621	66.0	0.0	53.0
12:15	11:32	17269.4318	442.0691264		441.34711242	63.0	0.0	50.0
12:16	11:33	17269.4318	442.3842632		441.64137726	63.0	0.0	50.0
12:17	11:34	17269.4318	442.8524144		441.93564535	63.0	0.0	50.0
12:18	11:35	17269.4318	442.981748		442.22989466	57.0	0.0	46.0
12:19	11:36	17269.4318	443.273204		442.5241497	67.0	0.0	54.0
12:20	11:37	17269.4318	443.6848856		442.81840489	67.0	0.0	54.0
12:21	11:38	17269.4318	443.8579376		443.11265738	62.0	0.0	50.0
12:22	11:39	17269.4318	444.1785392		443.40691195	67.0	0.0	54.0
12:23	11:40	17269.4318	444.4772816		443.70116922	67.0	0.0	54.0
12:24	11:41	17269.4318	444.6976952		443.99542881	67.0	0.0	54.0
12:25	11:42	17269.4318	445.1530952		444.28969125	68.0	0.0	54.0
12:26	11:43	17269.4318	445.4791616		444.58395693	60.0	0.0	48.0
12:27	11:44	17269.4318	445.7396504		444.87823539	60.0	0.0	48.0
12:28	11:45	17269.4318	446.0438576		445.17251331	63.0	0.0	50.0
12:29	11:46	17269.4318	446.2533416		445.46679955	64.0	0.0	51.0
12:30	11:47	17269.4318	446.5739432		445.76109649	68.0	0.0	54.0
12:31	11:48	17269.4318	446.7488168		446.05540763	66.0	0.0	53.0
12:32	11:49	17269.4318	447.098564		446.34973066	70.0	0.0	56.0
12:33	11:50	17269.4318	447.3517664		446.64404994	65.0	0.0	52.0
12:34	11:51	17269.4318	447.7142648		446.93839595	67.0	0.0	54.0
12:35	11:52	17269.4318	447.963824		447.23275277	62.0	0.0	50.0
12:36	11:53	17269.4318	448.3773272		447.52712647	65.0	0.0	52.0
12:37	11:54	17269.4318	448.6232432		447.82152971	60.0	0.0	48.0
12:38	11:55	17269.4318	448.8509432		448.1159205	64.0	0.0	51.0
12:39	11:56	17269.4318	449.184296		448.41036327	67.0	0.0	54.0
12:40	11:57	17269.4318	449.4411416		448.70478867	65.0	0.0	52.0
12:41	11:58	17269.4318	449.7325976		448.99925281	65.0	0.0	52.0
12:42	11:59	17269.4318	449.9894432		449.29373739	65.0	0.0	52.0
12:43	11:60	17269.4318	450.3355472		449.58824442	67.0	0.0	54.0
12:44	12:01	17269.4318	450.4758104		449.99691485	64.0	0.0	51.0
12:45	12:02	17269.4318	451.0222904		449.99691485	71.0	0.0	57.0
12:46	12:03	17269.4318	451.3228544	DROP	449.99691485	57.0	0.0	46.0
12:47	12:04	17269.4318	451.7053904		-1.0	-1.0	0.0	46.0
12:48	12:05	17269.4318	452.0460296		-1.0	-1.0	0.0	46.0
12:49	12:06	17269.4318	452.3465936		-1.0	-1.0	0.0	46.0
12:50	12:07	17269.4318	452.6143688		-1.0	-1.0	0.0	46.0
12:51	12:08	17269.4318	452.9076464		-1.0	-1.0	0.0	46.0
12:52	12:09	17269.4318	453.03698		-1.0	-1.0	0.0	46.0
12:53	12:10	17269.4318	453.1408112		-1.0	-1.0	0.0	46.0
12:54	12:11	17269.4318	453.2610368		-1.0	-1.0	0.0	46.0
12:55	12:12	17269.4318	453.346652		-1.0	-1.0	0.0	46.0
12:56	12:13	17269.4318	452.90036		-1.0	-1.0	0.0	46.0
12:57	12:14	17269.4318	451.8839072		-1.0	-1.0	0.0	46.0
12:58	12:15	17269.4318	450.53228		-1.0	-1.0	0.0	46.0
12:59	12:16	17269.4318	449.2152632		-1.0	-1.0	0.0	46.0
13:00	12:17	17269.4318	447.772556		-1.0	-1.0	0.0	46.0
13:01	12:18	17269.4318	446.3808536		-1.0	-1.0	0.0	46.0
13:02	12:19	17269.4318	445.003724		-1.0	-1.0	0.0	46.0
13:03	12:20	17269.4318	443.7267824		-1.0	-1.0	0.0	46.0
13:04	12:21	17269.4318	442.42616		-1.0	-1.0	0.0	46.0
13:05	12:22	17269.4318	441.451604		-1.0	-1.0	0.0	46.0
13:06	12:23	17269.4318	440.2420616		-1.0	-1.0	0.0	46.0
13:07	12:24	17269.4318	439.1272424		-1.0	-1.0	0.0	46.0
13:08	12:25	17269.4318	438.1690808		-1.0	-1.0	0.0	46.0
13:09	12:26	17269.4318	437.1489848		-1.0	-1.0	0.0	46.0
13:10	12:27	17269.4318	436.305584		-1.0	-1.0	0.0	46.0
13:11	12:28	17269.4318	435.476756		-1.0	-1.0	0.0	46.0
13:12	12:29	17269.4318	434.5859936		-1.0	-1.0	0.0	46.0
13:13	12:30	17269.4318	433.7079824		-1.0	-1.0	0.0	46.0
13:14	12:31	17269.4318	432.8026472		-1.0	-1.0	0.0	46.0
13:15	12:32	17269.4318	431.9865704		-1.0	-1.0	0.0	46.0
13:16	12:33	17269.4318	431.195996		-1.0	-1.0	0.0	46.0
13:17	12:34	17269.4318	430.4181728		-1.0	-1.0	0.0	46.0
13:18	12:35	17269.4318	429.5219456		-1.0	-1.0	0.0	46.0
13:19	12:36	17269.4318	428.8151648		-1.0	-1.0	0.0	46.0
13:20	12:37	17269.4318	428.1429944		-1.0	-1.0	0.0	46.0
13:21	12:38	17269.4318	427.3870304		-1.0	-1.0	0.0	46.0
13:22	12:39	17269.4318	426.6930008		-1.0	-1.0	0.0	46.0
13:23	12:40	17269.4318	426.0973376		-1.0	-1.0	0.0	46.0
13:24	12:41	17269.4318	425.4324536		-1.0	-1.0	0.0	46.0
13:25	12:42	17269.4318	424.9151192		-1.0	-1.0	0.0	46.0
13:26	12:43	17269.4318	424.1755496		-1.0	-1.0	0.0	46.0
13:27	12:44	17269.4318	423.5744216		-1.0	-1.0	0.0	46.0
13:28	12:45	17269.4318	423.0771248		-1.0	-1.0	0.0	46.0
13:29	12:46	17269.4318	422.3685224		-1.0	-1.0	0.0	46.0
13:30	12:47	17269.4318	421.805648		-1.0	-1.0	0.0	46.0
13:31	12:48	17269.4318	421.2081632		-1.0	-1.0	0.0	46.0
13:32	12:49	17269.4318	420.7054016		-1.0	-1.0	0.0	46.0
13:33	12:50	17269.4318	420.184424		-1.0	-1.0	0.0	46.0
13:34	12:51	17269.4318	419.6525168		-1.0	-1.0	0.0	46.0
13:35	12:52	17269.4318	419.2335488		-1.0	-1.0	0.0	46.0
13:36	12:53	17269.4318	418.6925336		-1.0	-1.0	0.0	46.0
13:37	12:54	17269.4318	418.2389552		-1.0	-1.0	0.0	46.0
13:38	12:55	17269.4318	417.7671608		-1.0	-1.0	0.0	46.0
13:39	12:56	17269.4318	417.1496384		-1.0	-1.0	0.0	46.0
13:40	12:57	17269.4318	416.8763984		-1.0	-1.0	0.0	46.0
13:41	12:58	17269.4318	416.3262752		-1.0	-1.0	0.0	46.0
13:42	12:59	17269.4318	415.8799832		-1.0	-1.0	0.0	46.0
13:43	12:60	17269.4318	415.430048		-1.0	-1.0	0.0	46.0
13:44	13:01	17269.4318	414.974648		-1.0	-1.0	0.0	46.0
13:45	13:02	17269.4318	414.5392856		-1.0	-1.0	0.0	46.0
13:46	13:03	17269.4318	414.2569376		-1.0	-1.0	0.0	46.0
13:47	13:04	17269.4318	413.82704		-1.0	-1.0	0.0	46.0
13:48	13:05	17269.4318	413.4226448		-1.0	-1.0	0.0	46.0
13:49	13:06	17269.4318	413.180372		-1.0	-1.0	0.0	46.0
13:50	13:07	17269.4318	412.7413664		-1.0	-1.0	0.0	46.0
13:51	13:08	17269.4318	412.3479008		-1.0	-1.0	0.0	46.0
