ent,years,farm,farmer,country,first,last,best
guatemala|standard|17,19,El Injerto 1,"El Injerto, S. A.",guatemala,2002,2026,93.68
guatemala|standard|119,13,Las Macadamias,"Las Macadamias, S. A.",guatemala,2009,2026,91.04
el-salvador|standard|45,12,La Montañita 2,Antonio Rene Aguilar,el-salvador,2004,2022,90.45
brazil|standard|80,11,Recreio,Homero Teixeira de Macedo Júnior,brazil,2008,2024,90.47
guatemala|standard|31,11,Villaure,Aurelio Villatoro Castillo,guatemala,2002,2026,89.72
el-salvador|standard|232,11,Santa Rosa,J. Raul Rivera S.A. de C.V.,el-salvador,2011,2026,91.41
nicaragua|standard|210,10,Buenos Aires,Luis Emilio Valladarez Zelaya,nicaragua,2008,2026,90.27
guatemala|standard|221,10,El Morito,José Roberto Monterroso / Café Molido,guatemala,2013,2026,91.75
guatemala|standard|260,10,Guatalon,"Juarez Solares, Guillermo Antonio",guatemala,2014,2025,88.3
costa-rica|standard|245,9,Don Cayito 2017,Luis Ricardo Calderón Madrigal,costa-rica,2017,2026,93.62
guatemala|standard|43,9,La Esperanza,Heleodoro Villatoro,guatemala,2002,2023,90.92
costa-rica|standard|41,9,La Planada,"Arnoldo Barrantes Zuñiga, Leonor Barrantes Zuñiga",costa-rica,2008,2026,90.29
brazil|standard|212,9,Fazenda do Sertão,Nazareth Dias Pereira,brazil,2002,2025,89.32
honduras|standard|93,9,Moreno,Pedro Moreno,honduras,2006,2019,90.81
el-salvador|standard|116,9,Divina Providencia,Roberto Samuel Ulloa Vilanova,el-salvador,2007,2023,90.31
guatemala|standard|141,9,Rosma,Fredy Milton Morales Merida,guatemala,2010,2025,90.82
el-salvador|standard|279,9,Peña Redonda,Carlos Mauricio Lemus Landaverde,el-salvador,2012,2023,89.63
el-salvador|standard|250,9,Las Brumas,Juan Jose Ernesto Menendez Arguello,el-salvador,2011,2026,91.09
honduras|standard|96,9,Cielito Lindo,Extreberto Cáceres Gutíerrez,honduras,2007,2021,91.75
nicaragua|standard|250,9,Un Regalo de Dios,Luis Alberto Balladares Moncada,nicaragua,2010,2026,91.31
nicaragua|standard|176,9,Bella Aurora,Joaquin A. Lovo López,nicaragua,2007,2025,90.37
costa-rica|standard|118,8,Leoncio,Manuel Barrantes Zúñiga,costa-rica,2012,2026,91.46
honduras|standard|80,8,El Sauce I,Esteban Madrid Chavez,honduras,2006,2021,90.76
el-salvador|standard|95,8,Malacara Lote A,Alvarez Prunera y Compañía,el-salvador,2003,2013,90.83
honduras|standard|146,8,El Nacimiento,Jobneel Cáceres Díaz,honduras,2009,2025,90.84
