rule,country,window,first_n,first_repeat,first_share,all_n,all_repeat,all_share
standard,brazil,within 1y,498,61,0.12248995983935743,812.0,140.0,0.1724137931034483
standard,brazil,within 2y,485,86,0.177319587628866,787.0,190.0,0.241423125794155
standard,brazil,within 3y,465,106,0.22795698924731184,755.0,226.0,0.2993377483443709
standard,brazil,within 5y,436,123,0.28211009174311924,702.0,250.0,0.3561253561253561
standard,brazil,ever (first year <= last-5),436,151,0.3463302752293578,,,
standard,colombia,within 1y,428,21,0.04906542056074766,496.0,27.0,0.05443548387096774
standard,colombia,within 2y,415,34,0.0819277108433735,474.0,41.0,0.08649789029535865
standard,colombia,within 3y,399,33,0.08270676691729323,451.0,42.0,0.09312638580931264
standard,colombia,within 5y,353,32,0.0906515580736544,398.0,44.0,0.11055276381909548
standard,colombia,ever (first year <= last-5),353,47,0.13314447592067988,,,
standard,costa-rica,within 1y,289,49,0.1695501730103806,487.0,126.0,0.2587268993839836
standard,costa-rica,within 2y,277,65,0.23465703971119134,460.0,150.0,0.32608695652173914
standard,costa-rica,within 3y,271,76,0.28044280442804426,435.0,156.0,0.3586206896551724
standard,costa-rica,within 5y,251,76,0.30278884462151395,385.0,140.0,0.36363636363636365
standard,costa-rica,ever (first year <= last-5),251,87,0.3466135458167331,,,
standard,el-salvador,within 1y,336,58,0.17261904761904762,613.0,151.0,0.2463295269168026
standard,el-salvador,within 2y,326,78,0.2392638036809816,589.0,193.0,0.32767402376910015
standard,el-salvador,within 3y,313,86,0.2747603833865815,562.0,221.0,0.3932384341637011
standard,el-salvador,within 5y,288,92,0.3194444444444444,506.0,229.0,0.4525691699604743
standard,el-salvador,ever (first year <= last-5),288,107,0.3715277777777778,,,
standard,guatemala,within 1y,273,49,0.1794871794871795,563.0,165.0,0.29307282415630553
standard,guatemala,within 2y,261,69,0.26436781609195403,533.0,204.0,0.3827392120075047
standard,guatemala,within 3y,254,77,0.3031496062992126,505.0,221.0,0.4376237623762376
standard,guatemala,within 5y,232,82,0.35344827586206895,447.0,218.0,0.48769574944071586
standard,guatemala,ever (first year <= last-5),232,104,0.4482758620689655,,,
standard,honduras,within 1y,371,62,0.16711590296495957,592.0,123.0,0.20777027027027026
standard,honduras,within 2y,359,79,0.2200557103064067,563.0,161.0,0.28596802841918295
standard,honduras,within 3y,343,86,0.25072886297376096,534.0,176.0,0.3295880149812734
standard,honduras,within 5y,313,89,0.28434504792332266,479.0,175.0,0.3653444676409186
standard,honduras,ever (first year <= last-5),313,103,0.329073482428115,,,
standard,nicaragua,within 1y,370,66,0.1783783783783784,588.0,118.0,0.20068027210884354
standard,nicaragua,within 2y,360,81,0.225,558.0,142.0,0.25448028673835127
standard,nicaragua,within 3y,347,90,0.25936599423631124,528.0,155.0,0.2935606060606061
standard,nicaragua,within 5y,324,91,0.2808641975308642,486.0,157.0,0.3230452674897119
standard,nicaragua,ever (first year <= last-5),324,112,0.345679012345679,,,
standard,ALL,ever (first year <= last-5),2197,711,0.3236231224396905,0.0,0.0,
standard,ALL,within 1y,2565,366,0.14269005847953217,4151.0,850.0,0.20476993495543241
standard,ALL,within 2y,2483,492,0.19814740233588402,3964.0,1081.0,0.2727043390514632
standard,ALL,within 3y,2392,554,0.23160535117056857,3770.0,1197.0,0.3175066312997347
standard,ALL,within 5y,2197,585,0.26627218934911245,3403.0,1213.0,0.3564501910079342
strict,brazil,within 1y,554,53,0.09566787003610108,822.0,118.0,0.1435523114355231
strict,brazil,within 2y,539,75,0.1391465677179963,797.0,162.0,0.20326223337515684
strict,brazil,within 3y,516,96,0.18604651162790697,765.0,193.0,0.2522875816993464
strict,brazil,within 5y,482,110,0.22821576763485477,712.0,213.0,0.2991573033707865
strict,brazil,ever (first year <= last-5),482,134,0.27800829875518673,,,
strict,colombia,within 1y,452,19,0.0420353982300885,499.0,23.0,0.04609218436873747
strict,colombia,within 2y,437,27,0.06178489702517163,477.0,32.0,0.06708595387840671
strict,colombia,within 3y,417,25,0.05995203836930456,454.0,30.0,0.06607929515418502
strict,colombia,within 5y,365,26,0.07123287671232877,400.0,33.0,0.0825
strict,colombia,ever (first year <= last-5),365,33,0.09041095890410959,,,
strict,costa-rica,within 1y,347,46,0.13256484149855907,495.0,99.0,0.2
strict,costa-rica,within 2y,332,58,0.1746987951807229,466.0,115.0,0.24678111587982832
strict,costa-rica,within 3y,321,65,0.20249221183800623,441.0,119.0,0.2698412698412698
strict,costa-rica,within 5y,298,64,0.21476510067114093,390.0,104.0,0.26666666666666666
strict,costa-rica,ever (first year <= last-5),298,69,0.23154362416107382,,,
strict,el-salvador,within 1y,390,56,0.14358974358974358,619.0,117.0,0.1890145395799677
strict,el-salvador,within 2y,377,76,0.20159151193633953,594.0,153.0,0.25757575757575757
strict,el-salvador,within 3y,364,89,0.2445054945054945,567.0,180.0,0.31746031746031744
strict,el-salvador,within 5y,335,89,0.2656716417910448,511.0,181.0,0.3542074363992172
strict,el-salvador,ever (first year <= last-5),335,105,0.31343283582089554,,,
strict,guatemala,within 1y,318,46,0.14465408805031446,564.0,130.0,0.23049645390070922
strict,guatemala,within 2y,303,65,0.2145214521452145,534.0,170.0,0.31835205992509363
strict,guatemala,within 3y,296,76,0.25675675675675674,506.0,189.0,0.37351778656126483
strict,guatemala,within 5y,272,77,0.28308823529411764,448.0,183.0,0.40848214285714285
strict,guatemala,ever (first year <= last-5),272,98,0.3602941176470588,,,
strict,honduras,within 1y,400,59,0.1475,594.0,110.0,0.18518518518518517
strict,honduras,within 2y,386,72,0.18652849740932642,565.0,137.0,0.2424778761061947
strict,honduras,within 3y,370,80,0.21621621621621623,536.0,152.0,0.2835820895522388
strict,honduras,within 5y,337,85,0.2522255192878338,481.0,155.0,0.32224532224532226
strict,honduras,ever (first year <= last-5),337,94,0.2789317507418398,,,
strict,nicaragua,within 1y,437,41,0.09382151029748284,590.0,77.0,0.13050847457627118
strict,nicaragua,within 2y,423,52,0.12293144208037825,560.0,96.0,0.17142857142857143
strict,nicaragua,within 3y,408,64,0.1568627450980392,530.0,109.0,0.20566037735849058
strict,nicaragua,within 5y,381,63,0.16535433070866143,488.0,108.0,0.22131147540983606
strict,nicaragua,ever (first year <= last-5),381,78,0.2047244094488189,,,
strict,ALL,ever (first year <= last-5),2470,611,0.24736842105263157,0.0,0.0,
strict,ALL,within 1y,2898,320,0.11042097998619738,4183.0,674.0,0.1611283767630887
strict,ALL,within 2y,2797,425,0.1519485162674294,3993.0,865.0,0.21662910092662158
strict,ALL,within 3y,2692,495,0.18387815750371472,3799.0,972.0,0.25585680442221637
strict,ALL,within 5y,2470,514,0.20809716599190284,3430.0,977.0,0.2848396501457726
name_only,brazil,within 1y,371,49,0.1320754716981132,774.0,171.0,0.22093023255813954
name_only,brazil,within 2y,360,70,0.19444444444444445,750.0,243.0,0.324
name_only,brazil,within 3y,347,90,0.25936599423631124,719.0,290.0,0.40333796940194716
name_only,brazil,within 5y,331,106,0.3202416918429003,666.0,317.0,0.47597597597597596
name_only,brazil,ever (first year <= last-5),331,141,0.4259818731117825,,,
name_only,colombia,within 1y,293,23,0.07849829351535836,455.0,56.0,0.12307692307692308
name_only,colombia,within 2y,287,39,0.13588850174216027,435.0,88.0,0.20229885057471264
name_only,colombia,within 3y,277,45,0.1624548736462094,412.0,100.0,0.24271844660194175
name_only,colombia,within 5y,253,52,0.20553359683794467,364.0,111.0,0.30494505494505497
name_only,colombia,ever (first year <= last-5),253,75,0.2964426877470356,,,
name_only,costa-rica,within 1y,258,51,0.19767441860465115,483.0,139.0,0.28778467908902694
name_only,costa-rica,within 2y,251,70,0.2788844621513944,456.0,170.0,0.37280701754385964
name_only,costa-rica,within 3y,245,81,0.3306122448979592,432.0,181.0,0.41898148148148145
name_only,costa-rica,within 5y,226,82,0.36283185840707965,382.0,171.0,0.4476439790575916
name_only,costa-rica,ever (first year <= last-5),226,92,0.40707964601769914,,,
name_only,el-salvador,within 1y,280,50,0.17857142857142858,604.0,161.0,0.26655629139072845
name_only,el-salvador,within 2y,275,69,0.2509090909090909,580.0,206.0,0.35517241379310344
name_only,el-salvador,within 3y,267,81,0.30337078651685395,554.0,237.0,0.427797833935018
name_only,el-salvador,within 5y,246,91,0.3699186991869919,498.0,245.0,0.4919678714859438
name_only,el-salvador,ever (first year <= last-5),246,114,0.4634146341463415,,,
name_only,guatemala,within 1y,233,48,0.20600858369098712,562.0,181.0,0.3220640569395018
name_only,guatemala,within 2y,228,70,0.30701754385964913,532.0,225.0,0.42293233082706766
name_only,guatemala,within 3y,223,78,0.34977578475336324,504.0,244.0,0.48412698412698413
name_only,guatemala,within 5y,204,86,0.4215686274509804,446.0,243.0,0.5448430493273543
name_only,guatemala,ever (first year <= last-5),204,113,0.553921568627451,,,
name_only,honduras,within 1y,308,58,0.18831168831168832,578.0,138.0,0.23875432525951557
name_only,honduras,within 2y,298,72,0.24161073825503357,549.0,177.0,0.3224043715846995
name_only,honduras,within 3y,287,85,0.2961672473867596,520.0,197.0,0.37884615384615383
name_only,honduras,within 5y,268,97,0.3619402985074627,467.0,205.0,0.43897216274089934
name_only,honduras,ever (first year <= last-5),268,118,0.44029850746268656,,,
name_only,nicaragua,within 1y,294,67,0.22789115646258504,571.0,142.0,0.2486865148861646
name_only,nicaragua,within 2y,285,83,0.2912280701754386,543.0,178.0,0.3278084714548803
name_only,nicaragua,within 3y,273,88,0.32234432234432236,515.0,199.0,0.3864077669902913
name_only,nicaragua,within 5y,253,92,0.36363636363636365,473.0,207.0,0.4376321353065539
name_only,nicaragua,ever (first year <= last-5),253,111,0.43873517786561267,,,
name_only,ALL,ever (first year <= last-5),1781,764,0.42897248736664795,0.0,0.0,
name_only,ALL,within 1y,2037,346,0.16985763377515956,4027.0,988.0,0.2453439284827415
name_only,ALL,within 2y,1984,473,0.23840725806451613,3845.0,1287.0,0.33472041612483744
name_only,ALL,within 3y,1919,548,0.28556539864512764,3656.0,1448.0,0.39606126914660833
name_only,ALL,within 5y,1781,606,0.34025828186412127,3296.0,1499.0,0.45479368932038833
