max_gap,metric,n_pairs,n_farms,pearson,pearson_p,spearman,null_mean,null_lo,null_hi,perm_p
1,score minus competition mean,810,449,0.23946864862594894,4.99945161946405e-12,0.203374545656207,-0.0012345928930215524,-0.07784186552203458,0.07884351826534954,0.0004997501249375312
1,score percentile within competition,810,449,0.20175412198140413,6.921177904518782e-09,0.2167416915010532,-0.003646372326446308,-0.07187402764214397,0.06702882286733824,0.0004997501249375312
1,raw score,810,449,0.3006677682675174,2.1884920340966e-18,0.2804931589841761,0.1284290204776493,0.05774264447274616,0.1952822582627722,0.0004997501249375312
3,score minus competition mean,1287,629,0.1944237053489872,1.987350544109583e-12,0.17672399575152073,-0.003486127442653401,-0.0652328938144329,0.0582389024882347,0.0004997501249375312
3,score percentile within competition,1287,629,0.1952706276155639,1.5875608208712088e-12,0.2027014171451713,-0.004866214989784696,-0.05938221414463125,0.04816871639442766,0.0004997501249375312
3,raw score,1287,629,0.26630813333541353,2.46503641407643e-22,0.26930753573036764,0.11488322814776371,0.05988662584585848,0.16866612459119848,0.0004997501249375312
any,score minus competition mean,1622,772,0.16713149681346232,1.2564266781913527e-11,0.14417074439406935,-0.002149797841469324,-0.057102109836891034,0.051420232042426496,0.0004997501249375312
any,score percentile within competition,1622,772,0.1512438869808383,9.254949007558558e-10,0.15724971185995343,-0.0030313003068704906,-0.05247912733736202,0.045476857945878524,0.0004997501249375312
any,raw score,1622,772,0.23591784195985116,5.955931720217014e-22,0.24238921313015016,0.09962427718956798,0.051513188995887096,0.14732338203068893,0.0004997501249375312
