,count
wataru,727
maruyama,174
kyokuto fadie,154
kaffebrenneriet,124
times club,120
nippon trading,110
toa,103
mercanta hunters,103
libre,99
campos,89
orsir,85
terarosa,78
solberg hansen,74
honukatocoffee,69
nozy,66
tashiro,65
brew92,62
intelligentsia,60
m i,55
c coop,54
sarutahiko,53
ecom,52
mikatajuku group,51
momos,51
gsc international,50
arab,49
has bean,49
honu kato,48
katocoffee,45
ogawa,44
doi,44
imports,44
saza,43
ucc ueshima,43
world,42
sweet marias,41
nagahama,38
latorre dutch,37
linking,37
voila,36
stumptown,36
me up,35
bontain,35
49th parallel,34
fisher,30
shanghai borong international trading,30
proud mary,29
caravan,29
honu,27
sulalat trading,26
