slug,url,fetched_utc
brazil-2019,https://allianceforcoffeeexcellence.org/brazil-2019/,2026-10-02T19:55Z
brazil-2020,https://allianceforcoffeeexcellence.org/brazil-2020/,2026-10-02T19:55Z
brazil-2021,https://allianceforcoffeeexcellence.org/brazil-2021/,2026-10-02T19:55Z
brazil-2022,https://allianceforcoffeeexcellence.org/brazil-2022/,2026-10-02T19:55Z
brazil-2023,https://allianceforcoffeeexcellence.org/brazil-2023/,2026-10-02T19:56Z
brazil-2024,https://allianceforcoffeeexcellence.org/brazil-2024/,2026-10-02T19:56Z
brazil-2025,https://allianceforcoffeeexcellence.org/brazil-2025/,2026-10-02T19:56Z
brazil-2026,https://allianceforcoffeeexcellence.org/brazil-2026/,2026-10-02T19:56Z
brazil-naturals-2012,https://allianceforcoffeeexcellence.org/brazil-naturals-2012/,2026-10-02T19:56Z
brazil-naturals-2013,https://allianceforcoffeeexcellence.org/brazil-naturals-2013/,2026-10-02T19:56Z
brazil-naturals-2014,https://allianceforcoffeeexcellence.org/brazil-naturals-2014/,2026-10-02T19:56Z
brazil-naturals-2015,https://allianceforcoffeeexcellence.org/brazil-naturals-2015/,2026-10-02T19:56Z
brazil-naturals-2015-january,https://allianceforcoffeeexcellence.org/brazil-naturals-2015-january/,2026-10-02T19:56Z
brazil-naturals-2016,https://allianceforcoffeeexcellence.org/brazil-naturals-2016/,2026-10-02T19:56Z
brazil-naturals-2017,https://allianceforcoffeeexcellence.org/brazil-naturals-2017/,2026-10-02T19:56Z
brazil-naturals-2018,https://allianceforcoffeeexcellence.org/brazil-naturals-2018/,2026-10-02T19:56Z
brazil-pulped-naturals-1999,https://allianceforcoffeeexcellence.org/brazil-pulped-naturals-1999/,2026-10-02T19:56Z
brazil-pulped-naturals-2000,https://allianceforcoffeeexcellence.org/brazil-pulped-naturals-2000/,2026-10-02T19:56Z
brazil-pulped-naturals-2001,https://allianceforcoffeeexcellence.org/brazil-pulped-naturals-2001/,2026-10-02T19:56Z
brazil-pulped-naturals-2002,https://allianceforcoffeeexcellence.org/brazil-pulped-naturals-2002/,2026-10-02T19:56Z
brazil-pulped-naturals-2003,https://allianceforcoffeeexcellence.org/brazil-pulped-naturals-2003/,2026-10-02T19:56Z
brazil-pulped-naturals-2004,https://allianceforcoffeeexcellence.org/brazil-pulped-naturals-2004/,2026-10-02T19:56Z
brazil-pulped-naturals-2005,https://allianceforcoffeeexcellence.org/brazil-pulped-naturals-2005/,2026-10-02T19:56Z
brazil-pulped-naturals-2006,https://allianceforcoffeeexcellence.org/brazil-pulped-naturals-2006/,2026-10-02T19:56Z
brazil-pulped-naturals-2008,https://allianceforcoffeeexcellence.org/brazil-pulped-naturals-2008/,2026-10-02T19:56Z
brazil-pulped-naturals-2009,https://allianceforcoffeeexcellence.org/brazil-pulped-naturals-2009/,2026-10-02T19:56Z
brazil-pulped-naturals-2011,https://allianceforcoffeeexcellence.org/brazil-pulped-naturals-2011/,2026-10-02T19:56Z
brazil-pulped-naturals-2012,https://allianceforcoffeeexcellence.org/brazil-pulped-naturals-2012/,2026-10-02T19:56Z
brazil-pulped-naturals-2013,https://allianceforcoffeeexcellence.org/brazil-pulped-naturals-2013/,2026-10-02T19:56Z
brazil-pulped-naturals-2014,https://allianceforcoffeeexcellence.org/brazil-pulped-naturals-2014/,2026-10-02T19:56Z
brazil-pulped-naturals-2015,https://allianceforcoffeeexcellence.org/brazil-pulped-naturals-2015/,2026-10-02T19:56Z
brazil-pulped-naturals-2016,https://allianceforcoffeeexcellence.org/brazil-pulped-naturals-2016/,2026-10-02T19:56Z
brazil-pulped-naturals-2017,https://allianceforcoffeeexcellence.org/brazil-pulped-naturals-2017/,2026-10-02T19:56Z
brazil-pulped-naturals-2018,https://allianceforcoffeeexcellence.org/brazil-pulped-naturals-2018/,2026-10-02T19:56Z
colombia-2017,https://allianceforcoffeeexcellence.org/colombia-2017/,2026-10-02T19:56Z
colombia-2018,https://allianceforcoffeeexcellence.org/colombia-2018/,2026-10-02T19:56Z
colombia-2020,https://allianceforcoffeeexcellence.org/colombia-2020/,2026-10-02T19:56Z
colombia-2021,https://allianceforcoffeeexcellence.org/colombia-2021/,2026-10-02T19:56Z
colombia-2022,https://allianceforcoffeeexcellence.org/colombia-2022/,2026-10-02T19:56Z
colombia-2023,https://allianceforcoffeeexcellence.org/colombia-2023/,2026-10-02T19:57Z
colombia-farmers-collection-2026,https://allianceforcoffeeexcellence.org/colombia-farmers-collection-2026/,2026-10-02T19:57Z
colombia-north-2005,https://allianceforcoffeeexcellence.org/colombia-north-2005/,2026-10-02T19:57Z
colombia-north-2006,https://allianceforcoffeeexcellence.org/colombia-north-2006/,2026-10-02T19:57Z
colombia-north-2007,https://allianceforcoffeeexcellence.org/colombia-north-2007/,2026-10-02T19:57Z
colombia-north-2009,https://allianceforcoffeeexcellence.org/colombia-north-2009/,2026-10-02T19:57Z
colombia-north-2011,https://allianceforcoffeeexcellence.org/colombia-north-2011/,2026-10-02T19:57Z
colombia-north-2013,https://allianceforcoffeeexcellence.org/colombia-north-2013/,2026-10-02T19:57Z
colombia-north-2015,https://allianceforcoffeeexcellence.org/colombia-north-2015/,2026-10-02T19:57Z
colombia-north-2019,https://allianceforcoffeeexcellence.org/colombia-north-2019/,2026-10-02T19:57Z
colombia-south-2005,https://allianceforcoffeeexcellence.org/colombia-south-2005/,2026-10-02T19:57Z
colombia-south-2006,https://allianceforcoffeeexcellence.org/colombia-south-2006/,2026-10-02T19:57Z
colombia-south-2008,https://allianceforcoffeeexcellence.org/colombia-south-2008/,2026-10-02T19:57Z
colombia-south-2010,https://allianceforcoffeeexcellence.org/colombia-south-2010/,2026-10-02T19:57Z
colombia-south-2012,https://allianceforcoffeeexcellence.org/colombia-south-2012/,2026-10-02T19:57Z
colombia-south-2014,https://allianceforcoffeeexcellence.org/colombia-south-2014/,2026-10-02T19:57Z
costa-rica-2007,https://allianceforcoffeeexcellence.org/costa-rica-2007/,2026-10-02T19:57Z
costa-rica-2008,https://allianceforcoffeeexcellence.org/costa-rica-2008/,2026-10-02T19:57Z
costa-rica-2009,https://allianceforcoffeeexcellence.org/costa-rica-2009/,2026-10-02T19:57Z
costa-rica-2011,https://allianceforcoffeeexcellence.org/costa-rica-2011/,2026-10-02T19:57Z
costa-rica-2012,https://allianceforcoffeeexcellence.org/costa-rica-2012/,2026-10-02T19:57Z
costa-rica-2013,https://allianceforcoffeeexcellence.org/costa-rica-2013/,2026-10-02T19:57Z
costa-rica-2014,https://allianceforcoffeeexcellence.org/costa-rica-2014/,2026-10-02T19:57Z
costa-rica-2015,https://allianceforcoffeeexcellence.org/costa-rica-2015/,2026-10-02T19:57Z
costa-rica-2016,https://allianceforcoffeeexcellence.org/costa-rica-2016/,2026-10-02T19:57Z
costa-rica-2018,https://allianceforcoffeeexcellence.org/costa-rica-2018/,2026-10-02T19:57Z
costa-rica-2019,https://allianceforcoffeeexcellence.org/costa-rica-2019/,2026-10-02T19:57Z
costa-rica-2020,https://allianceforcoffeeexcellence.org/costa-rica-2020/,2026-10-02T19:57Z
costa-rica-2021,https://allianceforcoffeeexcellence.org/costa-rica-2021/,2026-10-02T19:57Z
costa-rica-2022,https://allianceforcoffeeexcellence.org/costa-rica-2022/,2026-10-02T19:57Z
costa-rica-2023,https://allianceforcoffeeexcellence.org/costa-rica-2023/,2026-10-02T19:57Z
costa-rica-2024,https://allianceforcoffeeexcellence.org/costa-rica-2024/,2026-10-02T19:57Z
costa-rica-2025,https://allianceforcoffeeexcellence.org/costa-rica-2025/,2026-10-02T19:57Z
costa-rica-2026,https://allianceforcoffeeexcellence.org/costa-rica-2026/,2026-10-02T19:57Z
costa-rica-coe-2017,https://allianceforcoffeeexcellence.org/costa-rica-coe-2017/,2026-10-02T19:57Z
el-salvador-2003,https://allianceforcoffeeexcellence.org/el-salvador-2003/,2026-10-02T19:57Z
el-salvador-2004,https://allianceforcoffeeexcellence.org/el-salvador-2004/,2026-10-02T19:58Z
el-salvador-2005,https://allianceforcoffeeexcellence.org/el-salvador-2005/,2026-10-02T19:58Z
el-salvador-2006,https://allianceforcoffeeexcellence.org/el-salvador-2006/,2026-10-02T19:58Z
el-salvador-2007,https://allianceforcoffeeexcellence.org/el-salvador-2007/,2026-10-02T19:58Z
el-salvador-2008,https://allianceforcoffeeexcellence.org/el-salvador-2008/,2026-10-02T19:58Z
el-salvador-2009,https://allianceforcoffeeexcellence.org/el-salvador-2009/,2026-10-02T19:58Z
el-salvador-2010,https://allianceforcoffeeexcellence.org/el-salvador-2010/,2026-10-02T19:58Z
el-salvador-2011,https://allianceforcoffeeexcellence.org/el-salvador-2011/,2026-10-02T19:58Z
el-salvador-2012,https://allianceforcoffeeexcellence.org/el-salvador-2012/,2026-10-02T19:58Z
el-salvador-2013,https://allianceforcoffeeexcellence.org/el-salvador-2013/,2026-10-02T19:58Z
el-salvador-2014,https://allianceforcoffeeexcellence.org/el-salvador-2014/,2026-10-02T19:58Z
el-salvador-2015,https://allianceforcoffeeexcellence.org/el-salvador-2015/,2026-10-02T19:58Z
el-salvador-2017,https://allianceforcoffeeexcellence.org/el-salvador-2017/,2026-10-02T19:58Z
el-salvador-2018,https://allianceforcoffeeexcellence.org/el-salvador-2018/,2026-10-02T19:58Z
el-salvador-2019,https://allianceforcoffeeexcellence.org/el-salvador-2019/,2026-10-02T19:58Z
el-salvador-2020,https://allianceforcoffeeexcellence.org/el-salvador-2020/,2026-10-02T19:58Z
el-salvador-2021,https://allianceforcoffeeexcellence.org/el-salvador-2021/,2026-10-02T19:58Z
el-salvador-2022,https://allianceforcoffeeexcellence.org/el-salvador-2022/,2026-10-02T19:58Z
el-salvador-2023,https://allianceforcoffeeexcellence.org/el-salvador-2023/,2026-10-02T19:58Z
el-salvador-2024,https://allianceforcoffeeexcellence.org/el-salvador-2024/,2026-10-02T19:58Z
el-salvador-2025,https://allianceforcoffeeexcellence.org/el-salvador-2025/,2026-10-02T19:58Z
el-salvador-2026,https://allianceforcoffeeexcellence.org/el-salvador-2026/,2026-10-02T19:58Z
guatemala-2001,https://allianceforcoffeeexcellence.org/guatemala-2001/,2026-10-02T19:58Z
guatemala-2002,https://allianceforcoffeeexcellence.org/guatemala-2002/,2026-10-02T19:58Z
guatemala-2006,https://allianceforcoffeeexcellence.org/guatemala-2006/,2026-10-02T19:58Z
guatemala-2007,https://allianceforcoffeeexcellence.org/guatemala-2007/,2026-10-02T19:58Z
guatemala-2008,https://allianceforcoffeeexcellence.org/guatemala-2008/,2026-10-02T19:58Z
guatemala-2009,https://allianceforcoffeeexcellence.org/guatemala-2009/,2026-10-02T19:58Z
guatemala-2010,https://allianceforcoffeeexcellence.org/guatemala-2010/,2026-10-02T19:58Z
guatemala-2011,https://allianceforcoffeeexcellence.org/guatemala-2011/,2026-10-02T19:58Z
guatemala-2012,https://allianceforcoffeeexcellence.org/guatemala-2012/,2026-10-02T19:58Z
guatemala-2013,https://allianceforcoffeeexcellence.org/guatemala-2013/,2026-10-02T19:58Z
guatemala-2014,https://allianceforcoffeeexcellence.org/guatemala-2014/,2026-10-02T19:58Z
guatemala-2015,https://allianceforcoffeeexcellence.org/guatemala-2015/,2026-10-02T19:58Z
guatemala-2016,https://allianceforcoffeeexcellence.org/guatemala-2016/,2026-10-02T19:58Z
guatemala-2017,https://allianceforcoffeeexcellence.org/guatemala-2017/,2026-10-02T19:59Z
guatemala-2018,https://allianceforcoffeeexcellence.org/guatemala-2018/,2026-10-02T19:59Z
guatemala-2019,https://allianceforcoffeeexcellence.org/guatemala-2019/,2026-10-02T19:59Z
guatemala-2020,https://allianceforcoffeeexcellence.org/guatemala-2020/,2026-10-02T19:59Z
guatemala-2021,https://allianceforcoffeeexcellence.org/guatemala-2021/,2026-10-02T19:59Z
guatemala-2022,https://allianceforcoffeeexcellence.org/guatemala-2022/,2026-10-02T19:59Z
guatemala-2023,https://allianceforcoffeeexcellence.org/guatemala-2023/,2026-10-02T19:59Z
guatemala-2024,https://allianceforcoffeeexcellence.org/guatemala-2024/,2026-10-02T19:59Z
guatemala-2025,https://allianceforcoffeeexcellence.org/guatemala-2025/,2026-10-02T19:59Z
guatemala-2026,https://allianceforcoffeeexcellence.org/guatemala-2026/,2026-10-02T19:59Z
honduras-2004,https://allianceforcoffeeexcellence.org/honduras-2004/,2026-10-02T19:59Z
honduras-2005,https://allianceforcoffeeexcellence.org/honduras-2005/,2026-10-02T19:59Z
honduras-2006,https://allianceforcoffeeexcellence.org/honduras-2006/,2026-10-02T19:59Z
honduras-2007,https://allianceforcoffeeexcellence.org/honduras-2007/,2026-10-02T19:59Z
honduras-2008,https://allianceforcoffeeexcellence.org/honduras-2008/,2026-10-02T19:59Z
honduras-2009,https://allianceforcoffeeexcellence.org/honduras-2009/,2026-10-02T19:59Z
honduras-2010,https://allianceforcoffeeexcellence.org/honduras-2010/,2026-10-02T19:59Z
honduras-2011,https://allianceforcoffeeexcellence.org/honduras-2011/,2026-10-02T19:59Z
honduras-2012,https://allianceforcoffeeexcellence.org/honduras-2012/,2026-10-02T19:59Z
honduras-2013,https://allianceforcoffeeexcellence.org/honduras-2013/,2026-10-02T19:59Z
honduras-2014,https://allianceforcoffeeexcellence.org/honduras-2014/,2026-10-02T19:59Z
honduras-2015,https://allianceforcoffeeexcellence.org/honduras-2015/,2026-10-02T19:59Z
honduras-2016,https://allianceforcoffeeexcellence.org/honduras-2016/,2026-10-02T19:59Z
honduras-2017,https://allianceforcoffeeexcellence.org/honduras-2017/,2026-10-02T19:59Z
honduras-2018,https://allianceforcoffeeexcellence.org/honduras-2018/,2026-10-02T19:59Z
honduras-2019,https://allianceforcoffeeexcellence.org/honduras-2019/,2026-10-02T19:59Z
honduras-2021,https://allianceforcoffeeexcellence.org/honduras-2021/,2026-10-02T19:59Z
honduras-2022,https://allianceforcoffeeexcellence.org/honduras-2022/,2026-10-02T19:59Z
honduras-2023,https://allianceforcoffeeexcellence.org/honduras-2023/,2026-10-02T19:59Z
honduras-2024,https://allianceforcoffeeexcellence.org/honduras-2024/,2026-10-02T19:59Z
honduras-2025,https://allianceforcoffeeexcellence.org/honduras-2025/,2026-10-02T19:59Z
honduras-2026,https://allianceforcoffeeexcellence.org/honduras-2026/,2026-10-02T19:59Z
nicaragua-2002,https://allianceforcoffeeexcellence.org/nicaragua-2002/,2026-10-02T19:59Z
nicaragua-2003,https://allianceforcoffeeexcellence.org/nicaragua-2003/,2026-10-02T19:59Z
nicaragua-2004,https://allianceforcoffeeexcellence.org/nicaragua-2004/,2026-10-02T19:59Z
nicaragua-2005,https://allianceforcoffeeexcellence.org/nicaragua-2005/,2026-10-02T19:59Z
nicaragua-2006,https://allianceforcoffeeexcellence.org/nicaragua-2006/,2026-10-02T20:00Z
nicaragua-2007,https://allianceforcoffeeexcellence.org/nicaragua-2007/,2026-10-02T20:00Z
nicaragua-2008,https://allianceforcoffeeexcellence.org/nicaragua-2008/,2026-10-02T20:00Z
nicaragua-2009,https://allianceforcoffeeexcellence.org/nicaragua-2009/,2026-10-02T20:00Z
nicaragua-2010,https://allianceforcoffeeexcellence.org/nicaragua-2010/,2026-10-02T20:00Z
nicaragua-2011,https://allianceforcoffeeexcellence.org/nicaragua-2011/,2026-10-02T20:00Z
nicaragua-2012,https://allianceforcoffeeexcellence.org/nicaragua-2012/,2026-10-02T20:00Z
nicaragua-2014,https://allianceforcoffeeexcellence.org/nicaragua-2014/,2026-10-02T20:00Z
nicaragua-2015,https://allianceforcoffeeexcellence.org/nicaragua-2015/,2026-10-02T20:00Z
nicaragua-2017,https://allianceforcoffeeexcellence.org/nicaragua-2017/,2026-10-02T20:00Z
nicaragua-2018,https://allianceforcoffeeexcellence.org/nicaragua-2018/,2026-10-02T20:00Z
nicaragua-2020,https://allianceforcoffeeexcellence.org/nicaragua-2020/,2026-10-02T20:00Z
nicaragua-2021,https://allianceforcoffeeexcellence.org/nicaragua-2021/,2026-10-02T20:00Z
nicaragua-2022,https://allianceforcoffeeexcellence.org/nicaragua-2022/,2026-10-02T20:00Z
nicaragua-2023,https://allianceforcoffeeexcellence.org/nicaragua-2023/,2026-10-02T20:00Z
nicaragua-2024,https://allianceforcoffeeexcellence.org/nicaragua-2024/,2026-10-02T20:00Z
nicaragua-2025,https://allianceforcoffeeexcellence.org/nicaragua-2025/,2026-10-02T20:00Z
nicaragua-2026,https://allianceforcoffeeexcellence.org/nicaragua-2026/,2026-10-02T20:00Z
